-- phpMyAdmin SQL Dump
-- version 4.9.1
-- https://www.phpmyadmin.net/
--
-- Host: 127.0.0.1
-- Generation Time: Jul 03, 2020 at 08:31 PM
-- Server version: 10.4.8-MariaDB
-- PHP Version: 7.3.11

SET SQL_MODE = "NO_AUTO_VALUE_ON_ZERO";
SET AUTOCOMMIT = 0;
START TRANSACTION;
SET time_zone = "+00:00";


/*!40101 SET @OLD_CHARACTER_SET_CLIENT=@@CHARACTER_SET_CLIENT */;
/*!40101 SET @OLD_CHARACTER_SET_RESULTS=@@CHARACTER_SET_RESULTS */;
/*!40101 SET @OLD_COLLATION_CONNECTION=@@COLLATION_CONNECTION */;
/*!40101 SET NAMES utf8mb4 */;

--
-- Database: `news_website`
--

-- --------------------------------------------------------

--
-- Table structure for table `account`
--

CREATE TABLE `account` (
  `accID` char(6) COLLATE utf8_unicode_ci NOT NULL,
  `fullname` varchar(50) COLLATE utf8_unicode_ci DEFAULT NULL,
  `username` varchar(50) COLLATE utf8_unicode_ci DEFAULT NULL,
  `password` char(20) COLLATE utf8_unicode_ci DEFAULT NULL,
  `email` char(50) COLLATE utf8_unicode_ci DEFAULT NULL,
  `type` int(11) DEFAULT NULL,
  `time_up` datetime DEFAULT NULL
) ENGINE=InnoDB DEFAULT CHARSET=utf8 COLLATE=utf8_unicode_ci;

--
-- Dumping data for table `account`
--

INSERT INTO `account` (`accID`, `fullname`, `username`, `password`, `email`, `type`, `time_up`) VALUES
('000001', '', 'admin', 'admin', 'admin', 1, '0000-00-00 00:00:00'),
('000002', '', 'writer', '123', 'writer@gmail.com', 2, '0000-00-00 00:00:00'),
('000003', 'Nguyễn Xuân Trường', 'approver', '123', 'approver@gmail.com', 3, '0000-00-00 00:00:00'),
('000004', 'Nguyễn Trọng Hùng', 'norAcc', '123', 'hung@gmail.com', 4, '0000-00-00 00:00:00'),
('000005', 'Trần Trọng Trí', 'preAcc', '123', 'tri@gmail.com', 4, '2020-06-30 08:20:00'),
('000006', 'Trần Minh Tuấn', 'preAcc1', '123', 'tuan@gmail.com', 4, '2020-07-29 23:41:00'),
('000007', 'trí trọng', 'TRI', '123456', 'trongtri0579@gmail.com', 4, '2020-07-06 21:37:38');

-- --------------------------------------------------------

--
-- Table structure for table `categories`
--

CREATE TABLE `categories` (
  `catID` char(6) COLLATE utf8_unicode_ci NOT NULL,
  `catName` varchar(50) COLLATE utf8_unicode_ci DEFAULT NULL
) ENGINE=InnoDB DEFAULT CHARSET=utf8 COLLATE=utf8_unicode_ci;

--
-- Dumping data for table `categories`
--

INSERT INTO `categories` (`catID`, `catName`) VALUES
('cat01', 'Công nghệ'),
('cat02', 'Văn hóa'),
('cat03', 'Xã hội'),
('cat04', 'Thể thao'),
('cat05', 'Y Tế'),
('cat06', 'Giáo dục');

-- --------------------------------------------------------

--
-- Table structure for table `comments`
--

CREATE TABLE `comments` (
  `postID` char(6) COLLATE utf8_unicode_ci NOT NULL,
  `accID` char(6) COLLATE utf8_unicode_ci NOT NULL,
  `STT` int(11) NOT NULL,
  `date` date NOT NULL DEFAULT current_timestamp(),
  `content` text COLLATE utf8_unicode_ci NOT NULL
) ENGINE=InnoDB DEFAULT CHARSET=utf8 COLLATE=utf8_unicode_ci;

-- --------------------------------------------------------

--
-- Table structure for table `detail_categories`
--

CREATE TABLE `detail_categories` (
  `catID` char(6) COLLATE utf8_unicode_ci NOT NULL,
  `catName` varchar(50) COLLATE utf8_unicode_ci NOT NULL
) ENGINE=InnoDB DEFAULT CHARSET=utf8 COLLATE=utf8_unicode_ci;

--
-- Dumping data for table `detail_categories`
--

INSERT INTO `detail_categories` (`catID`, `catName`) VALUES
('cat01', 'CNTT - Viễn thông'),
('cat01', 'Thiết bị - Phần cứng'),
('cat02', 'Ẩm thực'),
('cat02', 'Du lịch'),
('cat02', 'Môi trường'),
('cat02', 'Nghệ thuật'),
('cat03', 'Giao thông'),
('cat03', 'Thời sự'),
('cat04', 'Bóng đá thế giới'),
('cat04', 'Bóng đá Việt Nam'),
('cat04', 'Quần vợt'),
('cat05', 'Covid19'),
('cat05', 'Sức khỏe'),
('cat06', 'Đào tạo - Thi cử'),
('cat06', 'Học bổng - Du học');

-- --------------------------------------------------------

--
-- Table structure for table `posts`
--

CREATE TABLE `posts` (
  `postsID` char(6) COLLATE utf8_unicode_ci NOT NULL,
  `title` text COLLATE utf8_unicode_ci NOT NULL,
  `content` text COLLATE utf8_unicode_ci DEFAULT NULL,
  `catID` char(6) COLLATE utf8_unicode_ci DEFAULT NULL,
  `small_avatar` varchar(100) COLLATE utf8_unicode_ci DEFAULT NULL,
  `big_avatar` varchar(100) COLLATE utf8_unicode_ci DEFAULT NULL,
  `writer` char(6) COLLATE utf8_unicode_ci DEFAULT NULL,
  `approver` char(6) COLLATE utf8_unicode_ci DEFAULT NULL,
  `date` datetime DEFAULT NULL,
  `views` int(11) DEFAULT NULL,
  `status` int(11) NOT NULL DEFAULT 1
) ENGINE=InnoDB DEFAULT CHARSET=utf8 COLLATE=utf8_unicode_ci;

--
-- Dumping data for table `posts`
--

INSERT INTO `posts` (`postsID`, `title`, `content`, `catID`, `small_avatar`, `big_avatar`, `writer`, `approver`, `date`, `views`, `status`) VALUES
('000001', 'Hướng dẫn gia hạn thẻ BHYT trên Cổng Dịch vụ công Quốc gia', '\r\n<h1>Hướng dẫn gia hạn thẻ BHYT tr&ecirc;n Cổng Dịch vụ c&ocirc;ng Quốc gia</h1>\r\n<div>\r\n<div>\r\n<div>&nbsp;</div>\r\n</div>\r\n</div>\r\n<div>\r\n<h2><img src=\"http://nguoilambao.vn/templates/default/images/logo.png\" alt=\"Hướng dẫn gia hạn thẻ BHYT tr&ecirc;n Cổng Dịch vụ c&ocirc;ng Quốc gia\" />&nbsp;- Với mong muốn mang lại tiện &iacute;ch, tạo thuận lợi, tiết kiệm thời gian, chi ph&iacute; khi tham gia, thụ hưởng c&aacute;c chế độ, ch&iacute;nh s&aacute;ch BHXH, BHYT, ng&agrave;y 1/7, Bảo hiểm x&atilde; hội Việt Nam đ&atilde; triển khai t&iacute;ch hợp, cung cấp dịch vụ gia hạn thẻ bảo hiểm y tế theo hộ gia đ&igrave;nh tr&ecirc;n Cổng Dịch vụ c&ocirc;ng Quốc gia.</h2>\r\n</div>\r\n<div>\r\n<p>Theo đ&oacute;, người d&acirc;n kh&ocirc;ng cần đến trực tiếp cơ quan bảo hiểm x&atilde; hội m&agrave; c&oacute; thẻ ở nh&agrave; đăng k&yacute; gia hạn thẻ bảo hiểm y tế tr&ecirc;n website&nbsp;<a href=\"https://dichvucong.gov.vn/\" rel=\"nofollow\">https://dichvucong.gov.vn</a>&nbsp;theo 9 bước sau:</p>\r\n<p><strong>Bước 1:</strong>&nbsp;Để thực hiện được DVC n&agrave;y, ch&uacute;ng ta cần đăng nhập v&agrave;o Cổng DVC Quốc gia&nbsp;<em>(nếu chưa c&oacute; t&agrave;i khoản, bạn c&oacute; thể tiến h&agrave;nh đăng k&yacute; t&agrave;i khoản một c&aacute;ch dễ d&agrave;ng tr&ecirc;n Cổng DVC Quốc gia).</em></p>\r\n<p><strong>Bước 2:</strong>&nbsp;Tr&ecirc;n Menu ở Trang chủ, bạn chọn &ldquo;Thanh to&aacute;n trực tuyến&rdquo; rồi chọn &ldquo;Thanh to&aacute;n BHXH, BHYT&rdquo;.</p>\r\n<p><img style=\"width: 500px; height: 208px; display: block; margin-left: auto; margin-right: auto;\" src=\"http://nguoilambao.vn/upload_images/images/BHXH(13).jpg\" alt=\"\" /></p>\r\n<p><strong>Bước 3:</strong>&nbsp;Ở m&agrave;n h&igrave;nh dưới, bạn chọn dịch vụ \"Gia hạn thẻ BHYT theo hộ gia đ&igrave;nh\".</p>\r\n<p><img style=\"width: 500px; height: 257px; display: block; margin-left: auto; margin-right: auto;\" src=\"http://nguoilambao.vn/upload_images/images/2(890).jpg\" alt=\"\" /></p>\r\n<p><strong>Bước 4:</strong>&nbsp;Nhập m&atilde; thẻ BHYT, chọn số th&aacute;ng muốn gia hạn v&agrave; thực hiện tra cứu.&nbsp;<em>(ở bước n&agrave;y bạn cần lưu &yacute;, m&atilde; thẻ BHYT phải l&agrave; m&atilde; thẻ của người tham gia BHYT theo hộ gia đ&igrave;nh, c&oacute; 2 k&yacute; tự đầu l&agrave; \"GD\". Nếu nhập m&atilde; thẻ của đối tượng kh&aacute;c, hệ thống sẽ c&oacute; cảnh b&aacute;o).</em></p>\r\n<p>Sau khi bạn nhập đ&uacute;ng th&ocirc;ng tin, m&agrave;n h&igrave;nh sẽ hiển thị th&ocirc;ng tin tra cứu theo m&atilde; thẻ BHYT đ&atilde; nhập.</p>\r\n<p><img style=\"width: 351px; height: 283px; display: block; margin-left: auto; margin-right: auto;\" src=\"http://nguoilambao.vn/upload_images/images/3(542).jpg\" alt=\"\" /></p>\r\n<p>Ở bước n&agrave;y, bạn lựa chọn Ng&acirc;n h&agrave;ng thụ hưởng của cơ quan BHXH&nbsp;<em>(bạn n&ecirc;n chọn ng&acirc;n h&agrave;ng c&ugrave;ng với ng&acirc;n h&agrave;ng bạn mở t&agrave;i khoản để tr&aacute;nh phải trả ph&iacute; chuyển tiền li&ecirc;n ng&acirc;n h&agrave;ng)</em>. Tiếp đ&oacute;, bạn bấm n&uacute;t \"Thanh to&aacute;n\".</p>\r\n<p><strong>Bước 5:</strong>&nbsp;Khi click v&agrave;o n&uacute;t \"Thanh to&aacute;n\" ở bước tr&ecirc;n, m&agrave;n h&igrave;nh Payment Platform sẽ hiển thị để bạn lựa chọn Ng&acirc;n h&agrave;ng hoặc trung gian thanh to&aacute;n bạn c&oacute; t&agrave;i khoản.</p>\r\n<p><img style=\"width: 512px; height: 250px; display: block; margin-left: auto; margin-right: auto;\" src=\"http://nguoilambao.vn/upload_images/images/4(571).jpg\" alt=\"\" /></p>\r\n<p>V&iacute; dụ, chọn Ng&acirc;n h&agrave;ng Vietcombank rồi click v&agrave;o n&uacute;t \"Thanh to&aacute;n\".</p>\r\n<p>Hệ thống sẽ điều hướng qua trang Internet Banking của Ng&acirc;n h&agrave;ng Vietcombank.</p>\r\n<p><strong>Bước 6:</strong>&nbsp;Đăng nhập t&agrave;i khoản Ng&acirc;n h&agrave;ng của bạn để thực hiện thanh to&aacute;n.</p>\r\n<p><img style=\"width: 501px; height: 350px; display: block; margin-left: auto; margin-right: auto;\" src=\"http://nguoilambao.vn/upload_images/images/5(264).jpg\" alt=\"\" /></p>\r\n<p><strong>Bước 7:</strong>&nbsp;Hệ thống sẽ hiển thị lại th&ocirc;ng tin thanh to&aacute;n một lần nữa để bạn x&aacute;c nhận. Nếu c&aacute;c th&ocirc;ng tin đ&atilde; ch&iacute;nh x&aacute;c, bạn click v&agrave;o n&uacute;t \"X&aacute;c nhận\".</p>\r\n<p><img style=\"width: 500px; height: 377px; display: block; margin-left: auto; margin-right: auto;\" src=\"http://nguoilambao.vn/upload_images/images/6(139).jpg\" alt=\"\" /></p>\r\n<p><strong>Bước 8:</strong>&nbsp;X&aacute;c nhận việc thanh to&aacute;n bằng c&aacute;ch nhập m&atilde; OTP do Ng&acirc;n h&agrave;ng gửi đến điện thoại của bạn.</p>\r\n<p><img style=\"width: 501px; height: 332px; display: block; margin-left: auto; margin-right: auto;\" src=\"http://nguoilambao.vn/upload_images/images/7(136).jpg\" alt=\"\" /></p>\r\n<p><strong>Bước 9:</strong>&nbsp;Khi thanh to&aacute;n th&agrave;nh c&ocirc;ng, hệ thống sẽ điều hướng quay trở lại giao diện của Cổng DVC Quốc gia với th&ocirc;ng b&aacute;o \"Thanh to&aacute;n th&agrave;nh c&ocirc;ng\".</p>\r\n<p><img style=\"width: 500px; height: 264px; display: block; margin-left: auto; margin-right: auto;\" src=\"http://nguoilambao.vn/upload_images/images/8(64).jpg\" alt=\"\" /></p>\r\n<p>Như vậy, thẻ BHYT của bạn (hoặc người th&acirc;n) đ&atilde; được gia hạn th&agrave;nh c&ocirc;ng. Chủ nh&acirc;n của thẻ BHYT sẽ nhận được tin nhắn của BHXH Việt Nam th&ocirc;ng b&aacute;o về thời hạn mới của thẻ BHYT.</p>\r\n<p>Tại m&agrave;n h&igrave;nh tr&ecirc;n, bạn c&oacute; thể \"tải bi&ecirc;n lai\" hoặc xem \"lịch sử giao dịch\". Th&ocirc;ng tin thanh to&aacute;n sẽ được lưu lại trong phần lịch sử giao dịch để bạn c&oacute; thể thực hiện v&agrave;o những lần sau.</p>\r\n</div>', 'cat01', 'https://photo-1-baomoi.zadn.vn/w200_r3x2_sm/2020_07_03_359_35575027/cbd6c46b71289876c139.jpg', '', '000002', '000003', '0000-00-00 00:00:00', 0, 2),
('000002', 'Top 5 phần mềm phân vùng ổ đĩa miễn phí tốt nhất', '\r\n<h1>Top 5 phần mềm ph&acirc;n v&ugrave;ng ổ đĩa miễn ph&iacute; tốt nhất</h1>\r\n<h2>(<a href=\"https://baodatviet.vn/khoa-hoc/cong-nghe/\">C&ocirc;ng nghệ</a>) - Ph&acirc;n v&ugrave;ng ổ đĩa l&agrave; qu&aacute; tr&igrave;nh kh&ocirc;ng thể thiếu nếu bạn muốn sử dụng m&aacute;y t&iacute;nh hiệu quả.</h2>\r\n<ul style=\"list-style-type: none;\">\r\n<li>&nbsp;</li>\r\n</ul>\r\n<div id=\"divContent\">\r\n<p>Việc ph&acirc;n v&ugrave;ng sẽ gi&uacute;p quản l&yacute; ổ đĩa, tạo mới, mở rộng, thu nhỏ, sao lưu, phục hồi dữ liệu &hellip; m&agrave; kh&ocirc;ng sợ ảnh hưởng tới c&aacute;c ổ đĩa kh&aacute;c.</p>\r\n<p>Hiện nay tr&ecirc;n thị trường xuất hiện rất nhiều phần mềm ph&acirc;n v&ugrave;ng ổ đĩa kh&aacute;c nhau. Nếu bạn đang ph&acirc;n v&acirc;n kh&ocirc;ng biết n&ecirc;n chọn phần mềm n&agrave;o tốt th&igrave; h&atilde;y theo d&otilde;i b&agrave;i viết dưới đ&acirc;y nh&eacute;!</p>\r\n<p>Dưới đ&acirc;y l&agrave; top 5 phần mềm ph&acirc;n v&ugrave;ng ổ đĩa được nhiều người sử dụng nhất hiện nay:</p>\r\n<p><strong>1. EaseUS Partition Master Free (n&ecirc;n d&ugrave;ng)</strong></p>\r\n<table border=\"0\" width=\"1\" cellspacing=\"0\" cellpadding=\"3\" align=\"center\">\r\n<tbody>\r\n<tr>\r\n<td><img title=\"Top 5 phần mềm ph&acirc;n v&ugrave;ng ổ đĩa miễn ph&iacute; tốt nhất\" src=\"http://st.galaxypub.vn/staticFile/Subject/2020/07/03/291733/top-5-phan-mem-phan-vung-o-dia-mien-phi-tot-nhat_31723249.jpg\" alt=\"Top 5 phan mem phan vung o dia mien phi tot nhat\" align=\"center\" border=\"0\" /></td>\r\n</tr>\r\n</tbody>\r\n</table>\r\n<div>&nbsp;</div>\r\n<p>Một trong những phần mềm ph&acirc;n v&ugrave;ng ổ đĩa được đ&aacute;nh gi&aacute; tốt nhất hiện nay đ&oacute; l&agrave;&nbsp;<a href=\"https://www.easeus.com/partition-manager/epm-free.html\" target=\"_BLANK\">EaseUS Partition Master Free</a>. Đ&acirc;y l&agrave; một phần mềm miễn ph&iacute; với rất nhiều t&iacute;nh năng hữu &iacute;ch gi&uacute;p người d&ugrave;ng quản l&yacute;,&nbsp; lưu trữ dữ liệu hiệu quả, đồng thời đảm bảo an to&agrave;n cho dữ liệu v&agrave;&nbsp;<strong>chống ph&acirc;n mảnh ổ cứng</strong>.</p>\r\n<p>Phần mềm n&agrave;y hỗ trợ hệ điều h&agrave;nh Windows 10/8/7/Vista/XP.</p>\r\n<p><strong>Ưu điểm của phần mềm n&agrave;y đ&oacute; l&agrave;:</strong></p>\r\n<p>- Giao diện đơn giản, dễ sử dụng</p>\r\n<p>-&nbsp;Cung cấp nhiều t&iacute;nh năng hiện đại như: n&acirc;ng cấp ổ cứng lớn hơn, quản l&yacute; ph&acirc;n v&ugrave;ng cơ bản, x&oacute;a ph&acirc;n v&ugrave;ng, kiểm tra ph&acirc;n v&ugrave;ng, kh&ocirc;i phục ph&acirc;n v&ugrave;ng bị mất v&agrave; căn chỉnh SSD 4K, &hellip;</p>\r\n<p>- Phần mềm hỗ trợ nhiều thao t&aacute;c hữu &iacute;ch: cho ph&eacute;p người sử dụng tạo mới, x&oacute;a ph&acirc;n v&ugrave;ng c&aacute;c ổ đĩa, thay đổi k&iacute;ch thước, định dạng, ẩn hoặc hiện c&aacute;c ph&acirc;n v&ugrave;ng hiện c&oacute;, &hellip;</p>\r\n<p>- Cho ph&eacute;p xem trước c&aacute;c thay đổi trước khi &aacute;p dụng ph&acirc;n v&ugrave;ng.</p>\r\n<p><strong>Nhược điểm</strong>:</p>\r\n<p>- Hạn chế duy nhất của phần mềm n&agrave;y đ&oacute; l&agrave; mỗi lần ph&acirc;n v&ugrave;ng ổ đĩa hệ thống th&igrave; phải khởi động lại hệ thống.</p>\r\n<p>EaseUS c&oacute; rất nhiều thể loại phần mềm kh&aacute;c nhau, v&agrave; trong đ&oacute; c&oacute; cả phần mềm mục hồi dữ liệu&nbsp;<a href=\"https://www.easeus.com/datarecoverywizard/free-data-recovery-software.htm\" target=\"_BLANK\">EaseUS Data Recovery Wizard</a>.&nbsp; Với phần mềm n&agrave;y bạn c&oacute; thể:</p>\r\n<p>- Phục hồi c&aacute;c loại file h&igrave;nh / game / t&agrave;i liệu đ&atilde; bị x&oacute;a.</p>\r\n<p>- Dung lượng phục hồi miễn ph&iacute; l&ecirc;n đến 2GB</p>\r\n<p>- Bản c&oacute; ph&iacute; th&igrave; sẽ kh&ocirc;ng giới hạn dung lượng</p>\r\n<p>- V&agrave; nhiều t&iacute;nh năng hấp dẫn kh&aacute;c.. H&atilde;y truy cập v&agrave;o li&ecirc;n kết ở tr&ecirc;n để t&igrave;m hiểu chi tiết hơn.</p>\r\n<p><strong>2.&nbsp; Paragon Partition Manager</strong></p>\r\n<table border=\"0\" width=\"1\" cellspacing=\"0\" cellpadding=\"3\" align=\"center\">\r\n<tbody>\r\n<tr>\r\n<td><img title=\"Top 5 phần mềm ph&acirc;n v&ugrave;ng ổ đĩa miễn ph&iacute; tốt nhất\" src=\"http://st.galaxypub.vn/staticFile/Subject/2020/07/03/291733/top-5-phan-mem-phan-vung-o-dia-mien-phi-tot-nhat_31726920.jpg\" alt=\"Top 5 phan mem phan vung o dia mien phi tot nhat\" align=\"center\" border=\"0\" /></td>\r\n</tr>\r\n</tbody>\r\n</table>\r\n<p><strong>Paragon Partition Manager</strong>&nbsp;cũng l&agrave; một phần mềm ph&acirc;n v&ugrave;ng ổ đĩa miễn ph&iacute; d&agrave;nh cho hệ điều h&agrave;nh Windows m&agrave; bạn kh&ocirc;ng n&ecirc;n bỏ qua. Với phần mềm n&agrave;y bạn c&oacute; thể quản l&yacute; ph&acirc;n v&ugrave;ng một c&aacute;ch dễ d&agrave;ng, thực hiện c&aacute;c thao t&aacute;c từ cơ bản như tạo ph&acirc;n v&ugrave;ng mới, di chuyển, định dạng, thay đổi k&iacute;ch thước, &hellip; cho đến n&acirc;ng cao như l&agrave; khả năng chuyển đổi ổ HFS th&agrave;nh NTFS.</p>\r\n<p>Phần mềm n&agrave;y sở hữu rất nhiều ưu điểm như:</p>\r\n<p>- Hỗ trợ hầu hết c&aacute;c hệ thống tập tin phổ biến nhất hiện nay như HFS, NTFS v&agrave; FAT32.</p>\r\n<p>- Cho ph&eacute;p phục hồi dữ liệu tr&ecirc;n ổ cứng hoặc ghi dữ liệu ra c&aacute;c loại đĩa CD/DVD.</p>\r\n<p>- Trang bị nhiều t&iacute;nh năng ti&ecirc;n tiến gi&uacute;p tối ưu h&oacute;a hiệu suất của ổ cứng trong qu&aacute; tr&igrave;nh chia ổ.</p>\r\n<p>-&nbsp; Giao diện đơn giản, dễ hiểu</p>\r\n<p>Nhược điểm:</p>\r\n<p>- Phi&ecirc;n bản miễn ph&iacute; kh&ocirc;ng đầy đủ t&iacute;nh năng cho lắm, c&oacute; một số t&iacute;nh năng bị v&ocirc; hiệu h&oacute;a chỉ phi&ecirc;n bản c&oacute; ph&iacute; mới sử dụng được.</p>\r\n<p><strong>3.&nbsp; Macrorit Partition Expert</strong></p>\r\n<table border=\"0\" width=\"1\" cellspacing=\"0\" cellpadding=\"3\" align=\"center\">\r\n<tbody>\r\n<tr>\r\n<td><img title=\"Top 5 phần mềm ph&acirc;n v&ugrave;ng ổ đĩa miễn ph&iacute; tốt nhất\" src=\"http://st.galaxypub.vn/staticFile/Subject/2020/07/03/291733/top-5-phan-mem-phan-vung-o-dia-mien-phi-tot-nhat_31727504.jpg\" alt=\"Top 5 phan mem phan vung o dia mien phi tot nhat\" align=\"center\" border=\"0\" /></td>\r\n</tr>\r\n</tbody>\r\n</table>\r\n<p>Khi nhắc đến những&nbsp;<a href=\"https://freetuts.net/thu-thuat/phan-mem-phan-vung-o-dia-907t.html\" target=\"_BLANK\">phần mềm ph&acirc;n v&ugrave;ng ổ đĩa</a>&nbsp;tốt nhất hiện nay th&igrave; kh&ocirc;ng thể kh&ocirc;ng nhắc đến c&aacute;i t&ecirc;n&nbsp;<strong>Macrorit Partition Expert</strong>. Phần mềm n&agrave;y nổi bật với khả năng bảo vệ dữ liệu an to&agrave;n v&agrave; mang đến hiệu suất tuyệt vời cho người d&ugrave;ng.</p>\r\n<p>Tương tự như 2 phần mềm tr&ecirc;n, Macrorit Partition Expert cũng được trang bị rất nhiều t&iacute;nh năng gi&uacute;p quản l&yacute; ổ đĩa hiệu quả như: mở rộng, tạo, x&oacute;a v&agrave; định dạng ph&acirc;n v&ugrave;ng, kiểm tra bề mặt ph&acirc;n v&ugrave;ng, &hellip;</p>\r\n<p>Một số t&iacute;nh năng đ&aacute;ng gi&aacute; của phần mềm n&agrave;y đ&oacute; l&agrave;:</p>\r\n<p>- Chuyển đổi MBR sang đĩa GPT v&agrave;&nbsp; NTFS sang FAT32 m&agrave; kh&ocirc;ng mất dữ liệu.</p>\r\n<p>- Cho ph&eacute;p thay đổi k&iacute;ch thước ph&acirc;n v&ugrave;ng FAT, FAT32.</p>\r\n<p>- Trang bị c&ocirc;ng nghệ hiện đại gi&uacute;p kh&ocirc;i phục dữ liệu nhanh ch&oacute;ng, hiệu quả.</p>\r\n<p>- Hỗ trợ đĩa lớn hơn 2TB v&agrave; 16 TB của đĩa cứng</p>\r\n<p>- C&ugrave;ng rất nhiều chức năng hữu hiệu kh&aacute;c như: Ph&acirc;n chia ổ đĩa, khắc phục sự cố, chống ph&acirc;n mảnh, ...</p>\r\n<p><strong>4. Cute Partition Manager</strong></p>\r\n<table border=\"0\" width=\"1\" cellspacing=\"0\" cellpadding=\"3\" align=\"center\">\r\n<tbody>\r\n<tr>\r\n<td><img title=\"Top 5 phần mềm ph&acirc;n v&ugrave;ng ổ đĩa miễn ph&iacute; tốt nhất\" src=\"http://st.galaxypub.vn/staticFile/Subject/2020/07/03/291733/top-5-phan-mem-phan-vung-o-dia-mien-phi-tot-nhat_31728491.jpg\" alt=\"Top 5 phan mem phan vung o dia mien phi tot nhat\" align=\"center\" border=\"0\" /></td>\r\n</tr>\r\n</tbody>\r\n</table>\r\n<p>Th&ecirc;m một phần mềm ph&acirc;n v&ugrave;ng ổ đĩa được kh&aacute; nhiều người quan t&acirc;m hiện nay đ&oacute; ch&iacute;nh l&agrave;&nbsp;<strong>Cute Partition Manager</strong>. Đ&acirc;y l&agrave; phần mềm hỗ trợ người d&ugrave;ng trong việc quản l&yacute; v&agrave; thực hiện c&aacute;c chức năng cần thiết như th&ecirc;m, sửa, x&oacute;a hoặc định dạng lại ph&acirc;n v&ugrave;ng tr&ecirc;n đĩa cứng của hệ thống.</p>\r\n<p>Cute Partition Manager nổi bật với t&iacute;nh năng cho ph&eacute;p người d&ugrave;ng xem trước những thay đổi khi thực hiện v&agrave; trước khi lưu lại.</p>\r\n<p>Ngo&agrave;i ra, phần mềm n&agrave;y c&ograve;n được người d&ugrave;ng ưa chuộng nhờ t&iacute;ch hợp những t&iacute;nh năng sau:</p>\r\n<p>- Cho ph&eacute;p tạo nhiều ph&acirc;n v&ugrave;ng tr&ecirc;n ổ cứng</p>\r\n<p>- Hỗ trợ thay đổi những tham số ph&acirc;n v&ugrave;ng n&acirc;ng cao</p>\r\n<p>- C&oacute; khả năng x&oacute;a bỏ mọi ph&acirc;n v&ugrave;ng đơn trong hệ thống.</p>\r\n<p>- Cho ph&eacute;p c&agrave;i đặt tất cả c&aacute;c hệ điều h&agrave;nh từ đầu.</p>\r\n<p>- K&iacute;ch thước tải xuống của phần mềm kh&aacute; nhỏ</p>\r\n<p>- Ho&agrave;n to&agrave;n miễn ph&iacute;</p>\r\n<p>Tuy nhi&ecirc;n phần mềm n&agrave;y hơi kh&oacute; sử dụng v&igrave; kh&ocirc;ng c&oacute; giao diện người d&ugrave;ng đồ họa v&agrave; n&oacute; cũng kh&ocirc;ng được trang bị một số t&iacute;nh năng n&acirc;ng cao như: sao ch&eacute;p hay di chuyển dữ liệu giữa c&aacute;c ổ đĩa.</p>\r\n<p><strong>5.&nbsp; Active@ Partition Manager</strong></p>\r\n<table border=\"0\" width=\"1\" cellspacing=\"0\" cellpadding=\"3\" align=\"center\">\r\n<tbody>\r\n<tr>\r\n<td><img title=\"Top 5 phần mềm ph&acirc;n v&ugrave;ng ổ đĩa miễn ph&iacute; tốt nhất\" src=\"http://st.galaxypub.vn/staticFile/Subject/2020/07/03/291733/top-5-phan-mem-phan-vung-o-dia-mien-phi-tot-nhat_31729643.jpg\" alt=\"Top 5 phan mem phan vung o dia mien phi tot nhat\" align=\"center\" border=\"0\" /></td>\r\n</tr>\r\n</tbody>\r\n</table>\r\n<p>Nếu bạn đang t&igrave;m kiếm một phần mềm ph&acirc;n v&ugrave;ng ổ đĩa tốt, miễn ph&iacute; t&iacute;ch hợp nhiều t&iacute;nh năng hữu &iacute;ch th&igrave;&nbsp;<strong>Active@ Partition Manager</strong>&nbsp;l&agrave; sự lựa chọn tuyệt vời cho bạn.</p>\r\n<p>Đ&acirc;y l&agrave; một phần mềm quản l&yacute;, ph&acirc;n v&ugrave;ng ổ cứng m&aacute;y t&iacute;nh rất mạnh mẽ, hỗ trợ tất cả c&aacute;c t&iacute;nh năng quản l&yacute; ph&acirc;n v&ugrave;ng như tạo, x&oacute;a, định dạng v&agrave; ph&acirc;n v&ugrave;ng t&ecirc;n tr&ecirc;n m&aacute;y t&iacute;nh m&agrave; kh&ocirc;ng cần tắt hệ thống như một số phần mềm kh&aacute;c.</p>\r\n<p>Ngo&agrave;i ra, phần mềm n&agrave;y c&ograve;n được nhiều người sử dụng nhờ khả năng đổi t&ecirc;n, thay đổi c&aacute;c thuộc t&iacute;nh của ổ đĩa hoặc x&oacute;a vĩnh viễn nội dung ổ cứng.</p>\r\n<p>Bạn n&ecirc;n sử dụng phần mềm n&agrave;y v&igrave; những l&yacute; do sau:</p>\r\n<p>- hần mềm dễ sử dụng, giao diện th&acirc;n thiện</p>\r\n<p>- Hỗ trợ kh&ocirc;i phục, tạo ph&acirc;n v&ugrave;ng mới, chuyển đổi định dạng m&agrave; kh&ocirc;ng mất dữ liệu, ...</p>\r\n<p>- Trang bị rất nhiều chức năng ph&acirc;n v&ugrave;ng</p>\r\n<p>- Bạn c&oacute; thể kh&ocirc;i phục một số thay đổi th&ocirc;ng qua c&aacute;c bản sao lưu.</p>\r\n<p>- Đặc biệt với phần mềm n&agrave;y người d&ugrave;ng c&oacute; thể chạy song song c&aacute;c hệ điều h&agrave;nh tr&ecirc;n c&ugrave;ng một m&aacute;y t&iacute;nh</p>\r\n<p>Điểm trừ của phần mềm n&agrave;y đ&oacute; l&agrave;:&nbsp;</p>\r\n<p>- Kh&ocirc;ng trang bị ph&acirc;n v&ugrave;ng nh&acirc;n bản hay n&oacute;i c&aacute;ch kh&aacute;c l&agrave; kh&ocirc;ng thể sao ch&eacute;p hoặc sao ch&eacute;p ph&acirc;n v&ugrave;ng</p>\r\n<p>- Kh&ocirc;ng cho ph&eacute;p thay đổi k&iacute;ch thước c&aacute;c ph&acirc;n v&ugrave;ng bị kh&oacute;a, điều đ&oacute; c&oacute; nghĩa l&agrave; bạn kh&ocirc;ng thể thay đổi k&iacute;ch thước của hệ thống.</p>\r\n<p>Tr&ecirc;n đ&acirc;y l&agrave; top 5 phần mềm ph&acirc;n v&ugrave;ng ổ đĩa miễn ph&iacute; tốt nhất hiện nay theo đ&aacute;nh gi&aacute; của người d&ugrave;ng. Hy vọng qua b&agrave;i viết n&agrave;y bạn đ&atilde; c&oacute; thể chọn cho m&igrave;nh được một phần mềm ph&ugrave; hợp để quản l&yacute; ph&acirc;n v&ugrave;ng, ph&acirc;n chia ổ cứng một c&aacute;ch hiệu quả nhất.&nbsp;</p>\r\n<p>Ch&uacute;c c&aacute;c bạn th&agrave;nh c&ocirc;ng!</p>\r\n</div>', 'cat01', 'https://photo-1-baomoi.zadn.vn/w300_r3x2/2020_07_03_132_35573087/2b86d35a66198f47d608.jpg', '', '', '', '0000-00-00 00:00:00', 2, 1),
('000003', 'Smartphone chip S710, RAM 4 GB, pin 5.000 mAh, giá 5,68 triệu', '\r\n<div>\r\n<h1>Smartphone chip S710, RAM 4 GB, pin 5.000 mAh, gi&aacute; 5,68 triệu</h1>\r\n</div>\r\n<div>\r\n<div>DNVN - Motorola One Fusion vừa được giới thiệu với gi&aacute; b&aacute;n 199.990 Peso (tương đương 5,68 triệu đồng). M&aacute;y d&ugrave;ng chip Qualcomm Snapdragon 710, RAM 4 GB, 4 camera sau, pin 5.000 mAh.</div>\r\n<div>\r\n<div>Motorola One Fusion&nbsp;sở hữu k&iacute;ch thước lần lượt l&agrave; 164,96x75,85x9,4 mm, trọng lượng 202 g. Cảm biến v&acirc;n tay một chạm được bố tr&iacute; ở logo Motorola nơi mặt lưng.</div>\r\n<div>&nbsp;</div>\r\n<div>\r\n<div><img style=\"height: 249px; display: block; margin-left: auto; margin-right: auto;\" title=\"Motorola One Fusion.\" src=\"https://media.doanhnghiepvn.vn/Images/Uploaded/Share/2020/07/03/Motorola-One-Fusion-1.jpg\" alt=\"Motorola One Fusion.\" width=\"375\" />\r\n<p style=\"text-align: center;\">Motorola One Fusion.</p>\r\n</div>\r\n</div>\r\n<div>One Fusion được trang bị tấm nền m&agrave;n h&igrave;nh IPS c&ocirc;ng nghệ Max Vision với k&iacute;ch thước 6,5 inch, độ ph&acirc;n giải HD Plus (1.600x720 pixel). M&agrave;n h&igrave;nh n&agrave;y được chia theo tỷ lệ 19,5:9, thiết kế dạng giọt nước. Dung lượng pin 5.000 mAh nhưng chưa r&otilde; c&oacute; t&iacute;ch hợp c&ocirc;ng nghệ sạc nhanh hay kh&ocirc;ng.</div>\r\n<div>&nbsp;</div>\r\n<div>&ldquo;Tr&aacute;i tim&rdquo; của Motorola One Fusion l&agrave; vi xử l&yacute; Qualcomm Snapdragon 710 (10nm) l&otilde;i 8 với xung nhịp tối đa 2,2 GHz, GPU Adreno 616. RAM 4 GB/ROM 64 GB, c&oacute; khay cắm thẻ microSD với dung lượng tối đa 512 GB. Hệ điều h&agrave;nh Android 10.</div>\r\n<div>&nbsp;</div>\r\n<div>\r\n<div><img style=\"height: 250px; display: block; margin-left: auto; margin-right: auto;\" src=\"https://media.doanhnghiepvn.vn/Images/Uploaded/Share/2020/07/03/Motorola-One-Fusion-2.jpg\" width=\"375\" border=\"0\" /></div>\r\n</div>\r\n<div>Motorola One Fusion sở hữu 4 camera sau. Cảm biến ch&iacute;nh 48 MP, ống k&iacute;nh thứ hai 8 MP với g&oacute;c rộng 118 độ. Camera macro 5 MP c&ugrave;ng cảm biến chiều s&acirc;u 2 MP. One Fusion hỗ trợ quay video 4K. M&aacute;y ảnh selfie 8 MP.</div>\r\n<div>&nbsp;</div>\r\n<div>Tại Chile, Motorola One Fusion đem đến cho kh&aacute;ch h&agrave;ng 2 tuỳ chọn m&agrave;u sắc gồm Emerald Green v&agrave; Deep Sapphire Blue. M&aacute;y c&oacute; gi&aacute; b&aacute;n 199.990 Peso (tương đương 5,68 triệu đồng).</div>\r\n<div><br />\r\n<div><a href=\"https://doanhnghiepvn.vn/su-kien/bang-gia-dien-thoai/17\" target=\"_blank\" rel=\"noopener\"><img style=\"height: 250px; display: block; margin-left: auto; margin-right: auto;\" title=\"Bảng gi&aacute; điện thoại.\" src=\"https://media.doanhnghiepvn.vn/Images/Uploaded/Share/2019/11/20/bang-gia-dien-thoai.jpg\" alt=\"Bảng gi&aacute; điện thoại.\" width=\"375\" /></a></div>\r\n</div>\r\n</div>\r\n</div>', 'cat01', 'https://photo-1-baomoi.zadn.vn/w300_r3x2/2020_07_03_304_35573467/bdec9a392f7ac6249f6b.jpg', '', '', '', '0000-00-00 00:00:00', 0, 1),
('000004', 'Smartphone màn hình cuộn của LG sẽ trình làng vào đầu năm tới', '\r\n<div><header>\r\n<h1>Smartphone m&agrave;n h&igrave;nh cuộn của LG sẽ tr&igrave;nh l&agrave;ng v&agrave;o đầu năm tới</h1>\r\n<div>&nbsp;</div>\r\n<div>\r\n<div>Theo một b&aacute;o c&aacute;o mới, c&ocirc;ng ty LG sẽ ra mắt điện thoại th&ocirc;ng minh m&agrave;n h&igrave;nh cuộn, t&ecirc;n m&atilde; l&agrave; Project B, v&agrave;o đầu năm 2021.</div>\r\n</div>\r\n</header>\r\n<article>\r\n<div>\r\n<p>Được biết, m&agrave;n h&igrave;nh của thiết bị sẽ do nh&agrave; sản xuất BOE cung cấp, chứ kh&ocirc;ng phải l&agrave; LG Display. Việc sản xuất nguy&ecirc;n mẫu đ&atilde; được tiến h&agrave;nh tại nh&agrave; m&aacute;y của LG ở Pyeongtaek. Khoảng 1.000 đến 2.000 nguy&ecirc;n mẫu được sản xuất v&agrave; th&ocirc;ng thường, mỗi sản phẩm phải trải qua ba đến bốn v&ograve;ng nguy&ecirc;n mẫu trước khi chốt được mẫu cuối c&ugrave;ng.</p>\r\n<div><img style=\"height: 240px; display: block; margin-left: auto; margin-right: auto;\" src=\"https://image.nghenhinvietnam.vn/w1024/Uploaded/2020/tpuohuo/2020_07_03/gsmarena_001_kmrj.jpg\" alt=\"Smartphone m&agrave;n h&igrave;nh cuộn của LG sẽ tr&igrave;nh l&agrave;ng v&agrave;o đầu năm tới ảnh 1\" width=\"375\" data-photo-original-src=\"https://image.nghenhinvietnam.vn/Uploaded/2020/tpuohuo/2020_07_03/gsmarena_001_kmrj.jpg\" /></div>\r\n<p>&nbsp;</p>\r\n<p>Theo th&ocirc;ng tin r&ograve; rỉ, t&ecirc;n &ldquo;B&rdquo; được đặt theo chữ c&aacute;i đầu ti&ecirc;n trong t&ecirc;n của CEO LG Kwon Bong-seok.</p>\r\n<p>B&ecirc;n cạnh Project B, LG được đồn đại l&agrave; sẽ ra mắt hai thiết bị smartphone h&agrave;ng đầu mới v&agrave;o nửa đầu năm 2021, c&oacute; t&ecirc;n m&atilde; lần lượt l&agrave; &ldquo;Rainbow&rdquo; v&agrave; &ldquo;Wing&rdquo;.</p>\r\n<p>Theo bằng s&aacute;ng chế được đăng k&yacute; trước đ&oacute;, Project B sẽ sở hữu m&agrave;n h&igrave;nh OLED với c&aacute;c khớp uốn linh hoạt. Điện thoại được chia l&agrave;m 2 phần, phần m&agrave;n h&igrave;nh v&agrave; phần th&acirc;n m&aacute;y, d&ugrave;ng để chứa c&aacute;c linh kiện kh&aacute;c cũng như để cầm nắm. Khi kh&ocirc;ng sử dụng, m&agrave;n h&igrave;nh cuộn lại xung quanh phần th&acirc;n m&aacute;y.</p>\r\n</div>\r\n</article>\r\n</div>\r\n<div>\r\n<div>\r\n<div>&nbsp;</div>\r\n</div>\r\n</div>', 'cat01', 'https://photo-1-baomoi.zadn.vn/w300_r3x2/2020_07_03_280_35573498/ad24caf27fb196efcfa0.jpg', '', '', '', '0000-00-00 00:00:00', 5, 1),
('000005', '21 ứng dụng độc hại bạn nên xóa khỏi điện thoại ngay lập tức', '\r\n<div>\r\n<h1 style=\"text-align: justify;\">21 ứng dụng độc hại bạn n&ecirc;n x&oacute;a khỏi điện thoại ngay lập tức</h1>\r\n<div>&nbsp;</div>\r\n</div>\r\n<div>\r\n<div id=\"ctl00_main_pSummary\">\r\n<div>(PLO)- Vừa qua, c&aacute;c nh&agrave; nghi&ecirc;n cứu bảo mật của ESET đ&atilde; ph&aacute;t hiện 21 ứng dụng độc hại tr&ecirc;n Google Play, sử dụng nhiều thủ thuật để &ldquo;ẩn m&igrave;nh&rdquo; tr&ecirc;n điện thoại sau khi được c&agrave;i đặt.</div>\r\n</div>\r\n<div id=\"abody\">\r\n<p><strong>Danh s&aacute;ch 21 ứng dụng độc hại tr&ecirc;n Google Play</strong></p>\r\n<p>Theo ESET, 21 ứng dụng độc hại đ&atilde; được tải xuống v&agrave; c&agrave;i đặt hơn t&aacute;m triệu lần tr&ecirc;n Google Play. Hiện tại tất cả những ứng dụng n&agrave;y đ&atilde; bị x&oacute;a bỏ, tuy nhi&ecirc;n, ch&uacute;ng c&oacute; thể vẫn c&ograve;n tồn tại tr&ecirc;n điện thoại của người d&ugrave;ng v&agrave; c&aacute;c kho ứng dụng của b&ecirc;n thứ ba.&nbsp;</p>\r\n<p style=\"text-align: center;\"><a href=\"https://image.plo.vn/w559/Uploaded/2020/vrwqqxjwp/2020_07_02/ung-dung-doc-hai_htyj.jpg\" data-index=\"0\" data-desc=\"21 ứng dụng độc hại bị ESET ph&aacute;t hiện, trong đ&oacute; c&oacute; một số nh&agrave; ph&aacute;t triển của Việt Nam. Ảnh: ESET\"><img style=\"height: 310px; width: 308px;\" src=\"https://image.plo.vn/w559/Uploaded/2020/vrwqqxjwp/2020_07_02/ung-dung-doc-hai_htyj.jpg\" alt=\"21-ung-dung-doc-hai\" longdesc=\"https://kynguyenso.plo.vn/ky-nguyen-so/nhip-cong-nghe/21%20%E1%BB%A9ng%20d%E1%BB%A5ng%20%C4%91%E1%BB%99c%20h%E1%BA%A1i%20b%E1%BB%8B%20ESET%20ph%C3%A1t%20hi%E1%BB%87n,%20trong%20%C4%91%C3%B3%20c%C3%B3%20m%E1%BB%99t%20s%E1%BB%91%20nh%C3%A0%20ph%C3%A1t%20tri%E1%BB%83n%20c%E1%BB%A7a%20Vi%E1%BB%87t%20Nam\" /></a><br /><em>21 ứng dụng độc hại bị ESET ph&aacute;t hiện, trong đ&oacute; c&oacute; một số nh&agrave; ph&aacute;t triển của Việt Nam. Ảnh: ESET</em></p>\r\n<p>Dưới đ&acirc;y l&agrave; danh s&aacute;ch 21 ứng dụng độc hại sử dụng quảng c&aacute;o như một h&igrave;nh thức tấn c&ocirc;ng:</p>\r\n<p>- Basketball Perfect Shot by JJDO TK</p>\r\n<p>- DU Recorder - Screen Recorder by Claure Apps</p>\r\n<p>- File Downloader for Insta by Carmen D. Adkins</p>\r\n<p>- Flat Music Player by Uranium</p>\r\n<p>- Free Radio FM Online by Juke Studio</p>\r\n<p>- Free Social Video Downloader by Mini Apps</p>\r\n<p>- VN Free Top Video Downloader by THELT</p>\r\n<p>- Free Video Downloader by DINH VIET HUNG</p>\r\n<p>- Heroes Jump by JJDO TK</p>\r\n<p>- HikeTop+ - Become Popular in IG by Claure Apps</p>\r\n<p>- Mini Lite for Facebook by Hien-DEV</p>\r\n<p>- MP4 Video Downloader by Tiler Hember</p>\r\n<p>- Ringtone Maker 2019 by CarlosGApps</p>\r\n<p>- Ringtone Maker Pro by DINH VIET HUNG</p>\r\n<p>- Tank Classic &ndash; Super Battle Tank by mrtcorp</p>\r\n<p>- SaveInsta by Uranium</p>\r\n<p>- Smart Gallery by Uranium</p>\r\n<p>- Smart Notes for You by Carmen D. Adkins</p>\r\n<p>- Solucionario de Algebra de Baldor by CarlosGApps</p>\r\n<p>- Video Downloader by TYPHU TEAM</p>\r\n<p>- Water Drink Reminder by Carmen D. Adkins</p>\r\n<p><strong>Phần mềm quảng c&aacute;o g&acirc;y hại cho thiết bị của bạn như thế n&agrave;o?</strong></p>\r\n<p>Theo c&aacute;c nh&agrave; nghi&ecirc;n cứu, sau khi người d&ugrave;ng c&agrave;i đặt ứng dụng, điện thoại sẽ bắt đầu xuất hiện quảng c&aacute;o to&agrave;n m&agrave;n h&igrave;nh. Quảng c&aacute;o c&oacute; thể xuất hiện tr&ecirc;n bất kỳ ứng dụng n&agrave;o, ngay cả khi ứng dụng đ&oacute; kh&ocirc;ng hỗ trợ quảng c&aacute;o.&nbsp;</p>\r\n<p style=\"text-align: center;\"><a href=\"https://image.plo.vn/w559/Uploaded/2020/vrwqqxjwp/2020_07_02/quang-cao-toan-man-hinh_zzvh.png\" data-index=\"1\" data-desc=\"Ứng dụng hiển thị quảng c&aacute;o to&agrave;n m&agrave;n h&igrave;nh, khiến người d&ugrave;ng kh&oacute; chịu. Ảnh: ESET\"><img style=\"height: 292px;\" src=\"https://image.plo.vn/w559/Uploaded/2020/vrwqqxjwp/2020_07_02/quang-cao-toan-man-hinh_zzvh.png\" alt=\"quang-cao-toan-man-hinh\" width=\"329\" longdesc=\"https://kynguyenso.plo.vn/ky-nguyen-so/nhip-cong-nghe/%E1%BB%A8ng%20d%E1%BB%A5ng%20hi%E1%BB%83n%20th%E1%BB%8B%20qu%E1%BA%A3ng%20c%C3%A1o%20to%C3%A0n%20m%C3%A0n%20h%C3%ACnh,%20khi%E1%BA%BFn%20ng%C6%B0%E1%BB%9Di%20d%C3%B9ng%20kh%C3%B3%20ch%E1%BB%8Bu\" /></a><br /><em>Ứng dụng hiển thị quảng c&aacute;o to&agrave;n m&agrave;n h&igrave;nh, khiến người d&ugrave;ng kh&oacute; chịu. Ảnh: ESET</em></p>\r\n<p>Ngo&agrave;i việc hiển thị quảng c&aacute;o, c&aacute;c ứng dụng độc hại c&ograve;n c&oacute; thể l&agrave;m tăng lượng dữ liệu di động, l&agrave;m chậm điện thoại, khiến pin nhanh hết hơn, thu thập th&ocirc;ng tin c&aacute; nh&acirc;n v&agrave; h&agrave;nh vi của người d&ugrave;ng...</p>\r\n<p>Do đ&oacute;, nếu đang c&agrave;i đặt v&agrave; sử dụng một trong c&aacute;c ứng dụng độc hại kể tr&ecirc;n, bạn h&atilde;y v&agrave;o Settings (c&agrave;i đặt) - Apps (ứng dụng), chọn c&aacute;c ứng dụng đ&oacute; v&agrave; nhấn Uninstall (gỡ c&agrave;i đặt). Lưu &yacute;, t&ecirc;n v&agrave; vị tr&iacute; c&aacute;c t&ugrave;y chọn c&oacute; thể thay đổi t&ugrave;y v&agrave;o thiết bị bạn đang sử dụng.</p>\r\n<p>Trước đ&oacute; kh&ocirc;ng l&acirc;u, c&ocirc;ng ty an ninh mạng Evina (Ph&aacute;p) đ&atilde; ph&aacute;t hiện 25 ứng dụng độc hại tr&ecirc;n Google Play c&oacute; khả năng đ&aacute;nh cắp th&ocirc;ng tin đăng nhập Facebook của người d&ugrave;ng.</p>\r\n<p>Cụ thể, c&aacute;c ứng dụng độc hại sẽ kiểm tra xem bạn c&oacute; đang mở ứng dụng Facebook trong nền hay kh&ocirc;ng, sau đ&oacute; ch&uacute;ng sẽ mở một trang đang nhập Facebook giả mạo tr&ecirc;n tr&igrave;nh duyệt v&agrave; dụ người d&ugrave;ng điền th&ocirc;ng tin đăng nhập. Nếu bạn điền email/số điện thoại v&agrave; mật khẩu, mọi thứ sẽ được gửi đến m&aacute;y chủ từ xa.</p>\r\n<p>Đa số những ứng dụng độc hại thường được &ldquo;ngụy trang&rdquo; dưới dạng c&aacute;c phần mềm tiện &iacute;ch như đ&egrave;n pin, m&aacute;y đếm bước ch&acirc;n, tr&igrave;nh chỉnh sửa h&igrave;nh ảnh...</p>\r\n</div>\r\n</div>', 'cat01', 'https://photo-1-baomoi.zadn.vn/w700_r16x9_sm/2020_07_02_331_35557222/416c67b4d3f73aa963e6.jpg', NULL, NULL, NULL, NULL, 1, 1),
('000006', '[Infographics] Từ 1/7: Thêm 6 dịch vụ công được giao dịch trực tuyến', '\r\n<div>\r\n<h1>[Infographics] Từ 1/7: Th&ecirc;m 6 dịch vụ c&ocirc;ng được giao dịch trực tuyến</h1>\r\n<p>&nbsp;</p>\r\n</div>\r\n<h2>Từ 1/7, Cổng Dịch vụ c&ocirc;ng Quốc gia sẽ t&iacute;ch hợp th&ecirc;m 6 dịch vụ c&ocirc;ng, n&acirc;ng tổng số dịch vụ c&ocirc;ng được cung cấp trực tuyến tại đ&acirc;y l&ecirc;n 725.</h2>\r\n<div>\r\n<div>&nbsp;</div>\r\n<div>\r\n<h4>&nbsp;</h4>\r\n</div>\r\n</div>\r\n<div>\r\n<figure><img style=\"display: block; margin-left: auto; margin-right: auto;\" src=\"http://static.tapchitaichinh.vn/w800/images/upload/buituananh/07022020/20200701_dich_vu_cong_duoc_giao_dich_truc_tuyen.jpg\" alt=\"[Infographics] Từ 1/7: Th&ecirc;m 6 dịch vụ c&ocirc;ng được giao dịch trực tuyến - Ảnh 1\" width=\"754\" height=\"1786\" data-original=\"http://static.tapchitaichinh.vn/images/upload/buituananh/07022020/20200701_dich_vu_cong_duoc_giao_dich_truc_tuyen.jpg\" /></figure>\r\n</div>', 'cat01', 'https://photo-1-baomoi.zadn.vn/w200_r3x2_sm/2020_07_02_241_35557189/28e4fa3b4e78a726fe69.jpg', NULL, NULL, NULL, NULL, 2, 1),
('000007', 'Google sẽ sớm ra mắt ứng dụng chia sẻ nhanh tương tự AirDrop', '\r\n<header>\r\n<h1>Google sẽ sớm ra mắt ứng dụng chia sẻ nhanh tương tự AirDrop</h1>\r\n<div>&nbsp;</div>\r\n<div>\r\n<div>Sau một loạt tin đồn, cuối c&ugrave;ng Google đ&atilde; x&aacute;c nhận sắp sửa ra mắt t&iacute;nh năng &ldquo;Nearby Share&rdquo; cho ph&eacute;p chia sẻ nhanh c&aacute;c tệp tin.</div>\r\n</div>\r\n</header>\r\n<article>\r\n<div>\r\n<p>Theo Android Police, hiện Google đang tiến h&agrave;nh thử nghiệm bản beta t&iacute;nh năng&nbsp;<em>Nearby Share</em>. Mục ti&ecirc;u của c&ocirc;ng ty l&agrave; ra mắt t&iacute;nh năng n&agrave;y cho c&aacute;c thiết bị chạy hệ điều h&agrave;nh từ Android 6 trở l&ecirc;n, cũng như c&aacute;c nền tảng kh&aacute;c.</p>\r\n<p>Nearby Share đ&atilde; xuất hiện đầu ti&ecirc;n tr&ecirc;n phần thiết lập của nền tảng Chrome OS Canary. Được biết, n&oacute; cũng sẽ c&oacute; mặt tr&ecirc;n Chromebook.</p>\r\n<div><img style=\"height: 276px; display: block; margin-left: auto; margin-right: auto;\" src=\"https://image.nghenhinvietnam.vn/w1024/Uploaded/2020/tpuohuo/2020_07_01/1_rnvy.jpg\" alt=\"Google sẽ sớm ra mắt ứng dụng chia sẻ nhanh tương tự AirDrop ảnh 1\" width=\"413\" data-photo-original-src=\"https://image.nghenhinvietnam.vn/Uploaded/2020/tpuohuo/2020_07_01/1_rnvy.jpg\" /></div>\r\n<p>&nbsp;</p>\r\n<p><em>Nearby Share</em>&nbsp;dường như sẽ hoạt động tương tự như t&iacute;nh năng AirDrop tr&ecirc;n Apple. Bạn c&oacute; thể sử dụng t&iacute;nh năng n&agrave;y để chuyển tập tin nhanh ch&oacute;ng giữa c&aacute;c điện thoại Android được đặt ở gần nhau. Theo Android Police, ứng dụng n&agrave;y c&oacute; thể hỗ trợ chia sẻ cả h&igrave;nh ảnh v&agrave; video cũng như c&aacute;c đường dẫn v&agrave; c&aacute;c tệp tin kh&aacute;c giữa nhiều thiết bị mới nhau.</p>\r\n<p>Theo Android Police, bạn c&oacute; thể sử dụng ứng dụng&nbsp;<em>Nearby Share</em>&nbsp;để gửi bất kỳ tệp dữ liệu n&agrave;o cho người lạ với điều kiện đ&atilde; thiết lập t&iacute;nh năng v&agrave; cho ph&eacute;p thiết bị kh&aacute;c t&igrave;m thấy thiết bị của bạn (được thực hiện dễ d&agrave;ng qua mục C&agrave;i đặt nhanh).</p>\r\n<p>Samsung đ&atilde; ph&aacute;t triển một t&iacute;nh năng tương tự c&oacute; t&ecirc;n&nbsp;<em>Quick Share</em>, cho ph&eacute;p bạn gửi c&aacute;c tập tin tới tối đa năm người bạn c&ugrave;ng một l&uacute;c (trong khi AirDrop chỉ cho ph&eacute;p chia sẻ cho một người c&ugrave;ng thời điểm đ&oacute;).</p>\r\n<p>Tuy nhi&ecirc;n, ưu điểm của&nbsp;<em>Nearby Share</em>&nbsp;l&agrave; n&oacute; sẽ hoạt động tr&ecirc;n c&aacute;c thiết bị Android của c&aacute;c nh&agrave; sản xuất smartphone kh&aacute;c nhau, trong khi Quick Share chỉ d&agrave;nh cho c&aacute;c thiết bị của Samsung.</p>\r\n</div>\r\n</article>', 'cat01', 'https://photo-1-baomoi.zadn.vn/w300_r3x2/2020_07_02_280_35556653/bd5d299d9dde74802dcf.jpg', NULL, NULL, NULL, NULL, 10, 1),
('000008', 'LHQ phát động chiến dịch mới chống tin giả', '\r\n<header>\r\n<h1>LHQ ph&aacute;t động chiến dịch mới chống tin giả</h1>\r\n<div>&nbsp;</div>\r\n<div>Theo T&acirc;n hoa x&atilde;, Li&ecirc;n hiệp quốc (LHQ) đ&atilde; ph&aacute;t động một chiến dịch mới mang t&ecirc;n &ldquo;Pause&rdquo; chống ph&aacute;t t&aacute;n th&ocirc;ng tin sai lệch tr&ecirc;n mạng, đặc biệt tin li&ecirc;n quan dịch Covid-19, nhằm th&uacute;c đẩy việc thay đổi h&agrave;nh vi của người sử dụng mạng.\r\n<div>&nbsp;</div>\r\n</div>\r\n</header>\r\n<div>\r\n<div>\r\n<p>&nbsp;&ldquo;Pause&rdquo; k&ecirc;u gọi những người sử dụng c&aacute;c nền tảng số h&oacute;a dừng lại để suy nghĩ về th&ocirc;ng tin m&agrave; họ định chia sẻ trước khi đăng tải l&ecirc;n mạng.<br /><br />Theo th&ocirc;ng c&aacute;o b&aacute;o ch&iacute; của LHQ, h&agrave;ng loạt h&atilde;ng truyền th&ocirc;ng thế giới, trong đ&oacute; c&oacute; Al Jazeera, Deutsche Welle, Euronews, StarTimes, đang quảng b&aacute; rộng r&atilde;i chiến dịch tr&ecirc;n c&aacute;c k&ecirc;nh truyền h&igrave;nh, trực tuyến v&agrave; qua tin nhắn. C&aacute;c mạng x&atilde; hội cũng cam kết quảng b&aacute; chiến dịch; đồng thời b&agrave;y tỏ sẵn s&agrave;ng th&uacute;c đẩy c&aacute;c nỗ lực hiện tại ngăn chặn h&agrave;nh vi ph&aacute;t t&aacute;n tin giả. Chiến dịch cũng l&agrave; một phần trong s&aacute;ng kiến c&oacute; quy m&ocirc; rộng hơn của LHQ mang t&ecirc;n &ldquo;Kiểm chứng&rdquo; (Verified) khởi động từ th&aacute;ng 5 vừa qua nhằm tăng lượng th&ocirc;ng tin ch&iacute;nh x&aacute;c tr&ecirc;n mạng.</p>\r\n</div>\r\n</div>', 'cat01', 'https://photo-1-baomoi.zadn.vn/w300_r3x2/2020_07_02_17_35556367/a1c33e068a45631b3a54.jpg', NULL, NULL, NULL, NULL, 8, 1),
('000009', 'GoViet chuẩn bị hợp nhất tên gọi với Gojek', '\r\n<h1>GoViet chuẩn bị hợp nhất t&ecirc;n gọi với Gojek</h1>\r\n<div>\r\n<h3>Gojek, si&ecirc;u ứng dụng h&agrave;ng đầu Đ&ocirc;ng Nam &Aacute;, sẽ thống nhất c&aacute;c t&ecirc;n gọi hiện nay v&agrave; t&iacute;ch hợp c&aacute;c ứng dụng thống nhất tại 4 quốc gia để củng cố vị tr&iacute; v&agrave; tiếp tục ph&aacute;t triển c&ocirc;ng nghệ.</h3>\r\n<div>\r\n<div id=\"plhMain_NewsDetail1_divSharelink\"></div>\r\n<div>\r\n<div>\r\n<div id=\"divfirst\">\r\n<p>Ng&agrave;y 3/7, Gi&aacute;m đốc điều h&agrave;nh của Gojek, &ocirc;ng Andre Soelistyo cho biết việc thống nhất t&ecirc;n gọi v&agrave; t&iacute;ch hợp ứng dụng Gojek tr&ecirc;n to&agrave;n cầu đ&atilde; được thực hiện để cải thiện trải nghiệm của kh&aacute;ch h&agrave;ng bằng c&aacute;ch gi&uacute;p họ sử dụng ứng dụng Gojek tại c&aacute;c quốc gia dễ d&agrave;ng hơn, trước mắt l&agrave; tại 4 nước trong khu vực Đ&ocirc;ng Nam &Aacute;.<br /><br />Người d&ugrave;ng Gojek tại Indonesia c&oacute; thể sử dụng trực tiếp ứng dụng Gojek tại Singapore, Việt Nam, Th&aacute;i Lan v&agrave; ngược lại.</p>\r\n<p>Hiện tại, Gojek đang hoạt động tại Indonesia v&agrave; Singapore với t&ecirc;n ứng dụng l&agrave; Gojek, c&ograve;n tại Việt Nam v&agrave; Th&aacute;i Lan l&acirc;̀n lượt l&agrave; c v&agrave; GET.</p>\r\n<p>Theo kế hoạch, vào cuối th&aacute;ng 8/2020, t&ecirc;n của ứng dụng tại Việt Nam v&agrave; Th&aacute;i Lan sẽ đổi th&agrave;nh Gojek, để Gojek trở th&agrave;nh một nền tảng thống nhất với Indonesia v&agrave; Singapore.<br /><br />Gi&aacute;m đốc điều h&agrave;nh của Gojek nhấn mạnh, việc thống nhất t&ecirc;n gọi v&agrave; t&iacute;ch hợp ứng dụng Gojek tại bốn quốc gia nhằm mang lại trải nghiệm tốt hơn cho mọi khách hàng trong hệ sinh th&aacute;i chung.</p>\r\n<p>Cũng theo &ocirc;ng Soelistyo, việc t&iacute;ch hợp tr&ecirc;n cũng tăng cường khả năng cạnh tranh của Gojek với tư c&aacute;ch l&agrave; si&ecirc;u ứng dụng h&agrave;ng đầu của Đ&ocirc;ng Nam &Aacute;.</p>\r\n<p>Đồng Gi&aacute;m đốc điều h&agrave;nh của Gojek, &ocirc;ng Kevin Aluwi cho biết &ocirc;ng vui mừng khi Gojek ra mắt một nền tảng c&ocirc;ng nghệ mới v&agrave; tăng cường hợp t&aacute;c chặt chẽ hơn với đội ngũ GET tại Th&aacute;i Lan v&agrave; GoViet tại Việt Nam.</p>\r\n</div>\r\n<div id=\"divend\">\r\n<p>Theo &ocirc;ng Kevin Aluwi, bằng c&aacute;ch t&iacute;ch hợp c&ocirc;ng nghệ, Gojek c&oacute; thể cung cấp trải nghiệm tốt hơn cho kh&aacute;ch h&agrave;ng, đưa c&aacute;c t&iacute;nh năng v&agrave; sản phẩm mới ra thị trường nhanh hơn, đẩy nhanh quy m&ocirc; dịch vụ ở nhiều quốc gia. Bước đi n&agrave;y cũng c&oacute; thể tăng cơ hội thu nhập cho c&aacute;c đối t&aacute;c của Gojek.</p>\r\n<p>Kể từ khi được ra mắt lần đầu ti&ecirc;n v&agrave;o năm 2015, Gojek đ&atilde; ph&aacute;t triển theo cấp số nh&acirc;n, trở th&agrave;nh một si&ecirc;u ứng dụng với tr&ecirc;n 170 triệu người d&ugrave;ng tr&ecirc;n thị trường.</p>\r\n</div>\r\n</div>\r\n</div>\r\n</div>\r\n</div>', 'cat01', 'https://photo-1-baomoi.zadn.vn/w300_r3x2/2020_07_03_294_35575042/e6596c92d9d1308f69c0.jpg', NULL, NULL, NULL, NULL, 7, 1),
('000010', 'CEO Mark Zuckerberg cho biết \'làn sóng\' tẩy chay từ doanh nghiệp không ảnh hưởng tới tài chính của Facebook', '\r\n<h1 data-role=\"title\">CEO Mark Zuckerberg cho biết \"l&agrave;n s&oacute;ng\" tẩy chay từ doanh nghiệp kh&ocirc;ng ảnh hưởng tới t&agrave;i ch&iacute;nh của Facebook</h1>\r\n<div>\r\n<div>\r\n<h2 data-role=\"sapo\">(Tổ Quốc) - Trước việc Facebook bị tr&ecirc;n 500 doanh nghiệp tuy&ecirc;n bố ngừng quảng c&aacute;o, người đứng đầu ứng dụng n&agrave;y cho biết sự việc tr&ecirc;n chỉ l&agrave; vấn đề danh tiếng v&agrave; đối t&aacute;c, kh&ocirc;ng hề ảnh hưởng g&igrave; tới t&agrave;i ch&iacute;nh.</h2>\r\n<div data-role=\"content\">\r\n<p>Mới đ&acirc;y, mạng x&atilde; hội Facebook phải đối mặt với một chiến dịch tẩy chay quảng c&aacute;o chưa từng c&oacute; trong lịch sử, hơn 500 nh&atilde;n h&agrave;ng đ&atilde; đồng loạt tuy&ecirc;n bố ngừng quảng c&aacute;o tr&ecirc;n Facebook v&agrave; Instagram (mạng x&atilde; hội thuộc Facebook) trong 1 th&aacute;ng v&igrave; l&iacute; do \"đế chế\" n&agrave;y kh&ocirc;ng ngăn cấm c&aacute;c ph&aacute;t ng&ocirc;n mang t&iacute;nh th&ugrave; địch tr&ecirc;n quảng c&aacute;o.</p>\r\n<p>Trước t&igrave;nh h&igrave;nh đ&oacute;, theo The Information đưa tin, CEO Facebook, Mark Zuckerberg cho biết, ứng dụng n&agrave;y sẽ kh&ocirc;ng thay đổi c&aacute;ch tiếp cận với ng&ocirc;n ngữ th&ugrave; địch, ngay cả khi c&oacute; nhiều nh&agrave; quảng c&aacute;o đang tẩy chay.</p>\r\n<p>\"Ch&uacute;ng ta sẽ kh&ocirc;ng thay đổi ch&iacute;nh s&aacute;ch hay c&aacute;ch tiếp cận li&ecirc;n quan đến bất k&igrave; thứ g&igrave; chỉ v&igrave; mối đe dọa đến một phần nhỏ doanh thu, hoặc một tỉ lệ doanh thu n&agrave;o kh&aacute;c\", Mark Zuckerberg n&oacute;i trong một buổi họp online với nh&acirc;n vi&ecirc;n.</p>\r\n<p>Vị CEO Facebook cũng cho biết th&ecirc;m, việc tẩy chay chỉ l&agrave; vấn đề \"danh tiếng v&agrave; đối t&aacute;c\" kh&ocirc;ng phải l&agrave; vấn đề về t&agrave;i ch&iacute;nh. Phần lớn doanh thu quảng c&aacute;o của Facebook đến từ c&aacute;c doanh nghiệp nhỏ v&agrave; vừa.</p>\r\n<p>Theo CNN, trong năm ngo&aacute;i, 100 thương hiệu chi tiền quảng c&aacute;o nhiều nhất chỉ chiếm 4,2 tỷ USD, tương đương 6% doanh thu quảng c&aacute;o của nền tảng n&agrave;y. Trong khi đ&oacute;, đa phần c&aacute;c doanh nghiệp cỡ vừa chưa tham gia l&agrave;n s&oacute;ng tr&ecirc;n.</p>\r\n<p>Gi&aacute;m đốc chiến lược của C&ocirc;ng ty quảng c&aacute;o Digital Whiskey Mat Morrison cũng cho rằng c&aacute;c doanh nghiệp nhỏ kh&ocirc;ng thể kh&ocirc;ng viện tới Facebook để quảng b&aacute; c&aacute;c sản phẩm hay h&igrave;nh ảnh của m&igrave;nh, bởi quảng c&aacute;o tr&ecirc;n nền tảng n&agrave;y sẽ tiết kiệm chi ph&iacute; hơn v&agrave; hiệu quả hơn so với những nền tảng kh&aacute;c như TV hay b&aacute;o, đ&agrave;i.</p>\r\n<p>Ảnh hưởng từ \"l&agrave;n s&oacute;ng tẩy chay\" từ một số nh&atilde;n h&agrave;ng, chỉ trong 2 ng&agrave;y đầu tuần Facebook đ&atilde; phải chịu&nbsp;thiệt hại 60 tỷ USD gi&aacute; trị thị trường nhưng gi&aacute; cổ phiếu của \"đế chế\" n&agrave;y đ&atilde; tăng trở lại ngay sau đ&oacute;.</p>\r\n<p>Để giải quyết t&igrave;nh h&igrave;nh tr&ecirc;n, c&aacute;c nh&acirc;n sự của Facebook cũng đ&atilde; cố gắng thực hiện nhiều v&ograve;ng đ&agrave;m ph&aacute;n để giải quyết &yacute; kiến của c&aacute;c nh&agrave; quảng c&aacute;o, song nhiều c&ocirc;ng ty vẫn cho rằng Facebook \"kh&ocirc;ng c&oacute; g&igrave; thay đổi\".</p>\r\n<p>Người đại diện n&agrave;y khẳng định Facebook đang nỗ lực để loại bỏ ng&ocirc;n ngữ th&ugrave; hằn v&agrave; \"kh&ocirc;ng hưởng lợi\" từ loại nội dung n&agrave;y, nhưng ch&iacute;nh s&aacute;ch thay đổi dựa tr&ecirc;n nguy&ecirc;n tắc, kh&ocirc;ng phải từ &aacute;p lực doanh thu.</p>\r\n<p>C&aacute;c nh&agrave; quảng c&aacute;o n&agrave;y y&ecirc;u cầu &ocirc;ng Mark Zuckerberg phải đ&iacute;ch th&acirc;n tham gia, v&igrave; &ocirc;ng l&agrave; người c&oacute; quyền lực cao nhất tại Facebook.&nbsp;<em>Business</em>&nbsp;<em>Insider</em>&nbsp;cho biết, Mark Zuckerberg đ&atilde; chấp thuận y&ecirc;u cầu.</p>\r\n<p>Đại diện của Facebook khẳng định &ocirc;ng cũng đang rất quan t&acirc;m đến vấn đề v&agrave; t&ocirc;n trọng &yacute; kiến của đối t&aacute;c.</p>\r\n<p>Li&ecirc;n quan đến việc Facebook bị một số nh&atilde;n h&agrave;ng tẩy chay, khoảng đầu th&aacute;ng 7, một tổ chức đ&atilde; l&ecirc;n tiếng k&ecirc;u gọi c&aacute;c nh&agrave; quảng c&aacute;o tẩy chay Facebook, sau khi mạng x&atilde; hội c&oacute; động th&aacute;i \"l&agrave;m ngơ\" trước c&aacute;c b&agrave;i đăng mang nội dung th&ugrave; hằn hoặc th&ocirc;ng tin sai lệch.</p>\r\n<p>Kể từ khi triển khai, chiến dịch đ&atilde; thu h&uacute;t sự tham gia của tr&ecirc;n dưới 500 c&ocirc;ng ty, trong c&oacute; cả c&aacute;c thương hiệu lớn như Ford, Adidas, HP, Coca-cola, Unilever, Starbucks.</p>\r\n</div>\r\n</div>\r\n</div>', 'cat01', 'https://photo-1-baomoi.zadn.vn/w300_r3x2/2020_07_03_101_35574812/d66dd3cf668c8fd2d69d.jpg', NULL, NULL, NULL, NULL, 10, 1),
('000011', 'Cách làm nem hải sản thơm ngon ai cũng thích thú', '\r\n<header>\r\n<div>\r\n<h1>C&aacute;ch l&agrave;m nem hải sản thơm ngon ai cũng th&iacute;ch th&uacute;</h1>\r\n</div>\r\n<div>\r\n<div>Với c&aacute;ch l&agrave;m m&oacute;n chả nem kiểu n&agrave;y thơm ngon kh&ocirc;ng ng&aacute;n ai cũng th&iacute;ch th&uacute; v&ocirc; c&ugrave;ng.</div>\r\n<div>\r\n<p>Nguy&ecirc;n liệu cho m&oacute;n chả nem</p>\r\n<p>300g thịt xay</p>\r\n<p>200 hải sản tổng hợp t&ocirc;m, mực xay nhuyễn</p>\r\n<p>50g Nấm hương,</p>\r\n<p>30 gmộc nhĩ,</p>\r\n<p>3 củ h&agrave;nh</p>\r\n<p>2 quả trứng</p>\r\n<p>1 củ tỏi</p>\r\n<p>100g miến</p>\r\n<p>1 tập b&aacute;nh đa nem</p>\r\n<p>Gia vị: hạt n&ecirc;m, nước mắm, hạt ti&ecirc;u, chanh, đường&hellip;</p>\r\n<p>C&aacute;c loại rau m&ugrave;i thơm để ăn k&egrave;m</p>\r\n<p>C&aacute;ch l&agrave;m m&oacute;n chả nem</p>\r\n<p>Bước 1: Sơ chế nguy&ecirc;n liệu với miến ng&acirc;m nước lạnh, rồi sau đ&oacute; đem cắt nhỏ. Với nấm hương th&aacute;i nhỏ, mộc nhĩ th&aacute;i chỉ thật nhỏ rồi băm vụn. H&agrave;nh củ đập dập, băm vụn, tỏi băm nhỏ. Rau sống ăn k&egrave;m bạn rửa sạch để kh&ocirc; nước l&agrave; được.</p>\r\n<figure><img style=\"height: 262px; width: 401px; display: block; margin-left: auto; margin-right: auto;\" src=\"https://media.doanhnghiepvn.vn/Images/Uploaded/Share/2020/07/03/Cach-lam-nem-hai-san-thom-ngon-ai-cung-thich-thu_1.jpg\" alt=\"Chả nem hải sản ngon\" width=\"512\" height=\"335\" />\r\n<figcaption>\r\n<h3 style=\"text-align: center;\">Chả nem hải sản ngon</h3>\r\n</figcaption>\r\n</figure>\r\n<p>Bước 2: Bạn mang trộn tất cả c&aacute;c loại nguy&ecirc;n liệu đ&atilde; băm nhỏ v&agrave;o, thịt, nấm hương, mộc nhĩ, miến, tỏi, h&agrave;nh, ... c&aacute;c loại rau đ&atilde; băm nhỏ, cho 1 ch&uacute;t gia vị, trộn tất cả v&agrave;o v&agrave; băm lại một lần nữa cho c&aacute;c loại nguy&ecirc;n liệu quyện v&agrave;o nhau. Tiếp theo đ&oacute;, bạn h&atilde;y cho trứng v&agrave;o, đảo đều 1 lần nữa. Điều n&agrave;y sẽ l&agrave;m cho nh&acirc;n kh&ocirc;ng bị rời, kh&ocirc;ng kh&ocirc; v&agrave; nem dễ cuốn hơn.</p>\r\n<p>Bước 3: Tiếp đ&oacute; bạn lấy b&aacute;nh đa nem trải ra một chiếc thớt hoặc khay lớn rồi cho phần nguy&ecirc;n liệu ở tr&ecirc;n v&agrave;o rồi cuộn lại giống như m&oacute;n phở cuốn l&agrave; được. Bạn cứ l&agrave;m như vậy cho tới khi hết nguy&ecirc;n liệu.</p>\r\n<p>Bước 4: Bạn bắc một chiếc chảo l&ecirc;n bếp cho dầu ăn v&agrave;o v&agrave; chuẩn bị r&aacute;n nem. Bạn r&aacute;n hai mặt v&agrave;ng đều l&agrave; được.</p>\r\n<figure><img style=\"height: 253px; width: 402px; display: block; margin-left: auto; margin-right: auto;\" src=\"https://media.doanhnghiepvn.vn/Images/Uploaded/Share/2020/07/03/Cach-lam-nem-hai-san-thom-ngon-ai-cung-thich-thu_2.jpg\" alt=\"C&aacute;ch l&agrave;m chả nem ngon\" width=\"640\" height=\"403\" />\r\n<figcaption>\r\n<h3 style=\"text-align: center;\">C&aacute;ch l&agrave;m chả nem ngon</h3>\r\n</figcaption>\r\n</figure>\r\n<p>M&oacute;n nem c&oacute; y&ecirc;u cầu l&agrave; nem v&agrave;ng, kh&ocirc;ng ch&aacute;y, m&ugrave;i thơm của h&agrave;nh, tỏi v&agrave; c&aacute;c loại gia vị. Khi r&aacute;n nem bạn cần lưu &yacute; tới lửa của bếp để m&oacute;n nem kh&ocirc;ng bị trong sống ngo&agrave;i ch&aacute;y. Ch&uacute;c bạn th&agrave;nh c&ocirc;ng với m&oacute;n nem n&agrave;y.</p>\r\n</div>\r\n</div>\r\n</header>', 'cat02', 'https://photo-1-baomoi.zadn.vn/w300_r3x2/2020_07_03_304_35574818/970399a12ce2c5bc9cf3.jpg', NULL, NULL, NULL, NULL, 3, 1);
INSERT INTO `posts` (`postsID`, `title`, `content`, `catID`, `small_avatar`, `big_avatar`, `writer`, `approver`, `date`, `views`, `status`) VALUES
('000012', 'Tỷ lệ chuẩn làm món sườn xào chua ngọt ngon bất bại, chị em đua nhau làm theo', '\r\n<header>\r\n<div>\r\n<h1 data-field=\"title\">Tỷ lệ chuẩn l&agrave;m m&oacute;n sườn x&agrave;o chua ngọt ngon bất bại, chị em đua nhau l&agrave;m theo</h1>\r\n</div>\r\n<div>\r\n<h2 data-field=\"sapo\">GiadinhNet - C&ocirc;ng thức được một mẹ đảm tr&ecirc;n một diễn đ&agrave;n uy t&iacute;n về ẩm thực chia sẻ cho c&aacute;c chị em c&ugrave;ng biết, đảm bảo th&agrave;nh c&ocirc;ng ngay từ lần đầu.</h2>\r\n<div data-field=\"body\">\r\n<p>Th&agrave;nh vi&ecirc;n Hương Giang đ&atilde; chia sẻ với c&aacute;c chị em m&oacute;n \"Sườn x&agrave;o chua ngọt\" c&ocirc;ng thức bất bại gia truyền:&nbsp;</p>\r\n<p><strong>Nguy&ecirc;n liệu:</strong>&nbsp;Sườn: 500 gram; tỏi, tương ớt, dấm (hoặc chanh), đường, muối</p>\r\n<div>\r\n<div><img id=\"img_f7c7c150-bc3a-11ea-886c-077ba93c1e9b\" style=\"display: block; margin-left: auto; margin-right: auto;\" title=\"Tỷ lệ chuẩn l&agrave;m m&oacute;n sườn x&agrave;o chua ngọt ngon bất bại, chị em đua nhau l&agrave;m theo - Ảnh 2.\" src=\"http://giadinh.mediacdn.vn/2020/7/2/cach-lam-suon-xao-chua-ngot-don-gian-ma-ngon-dam-da-2-1593677205318591450984.jpg\" alt=\"Tỷ lệ chuẩn l&agrave;m m&oacute;n sườn x&agrave;o chua ngọt ngon bất bại, chị em đua nhau l&agrave;m theo - Ảnh 2.\" width=\"375\" height=\"282\" data-original=\"http://giadinh.mediacdn.vn/2020/7/2/cach-lam-suon-xao-chua-ngot-don-gian-ma-ngon-dam-da-2-1593677205318591450984.jpg\" /></div>\r\n<div>\r\n<p style=\"text-align: center;\" data-placeholder=\"[nhập ch&uacute; th&iacute;ch]\">Sườn cắt miếng vừa ăn</p>\r\n</div>\r\n</div>\r\n<p><strong>C&aacute;ch l&agrave;m:</strong></p>\r\n<p><strong>Bước 1:&nbsp;</strong>Sườn mua về rửa qua rồi đem r&aacute;n v&agrave;ng. Theo kinh nghiệm, th&agrave;nh vi&ecirc;n Hương Giang thường r&aacute;n kh&ocirc; lu&ocirc;n 2 mặt vậy mới thấm nhiều nước sốt.</p>\r\n<div>\r\n<div><img id=\"img_09967890-bc3b-11ea-be26-49c1e3c8cf70\" style=\"display: block; margin-left: auto; margin-right: auto;\" title=\"Tỷ lệ chuẩn l&agrave;m m&oacute;n sườn x&agrave;o chua ngọt ngon bất bại, chị em đua nhau l&agrave;m theo - Ảnh 3.\" src=\"http://giadinh.mediacdn.vn/thumb_w/640/2020/7/2/suon-xao-chua-ngot-3-15936772350241238436554.jpg\" alt=\"Tỷ lệ chuẩn l&agrave;m m&oacute;n sườn x&agrave;o chua ngọt ngon bất bại, chị em đua nhau l&agrave;m theo - Ảnh 3.\" width=\"375\" height=\"260\" data-original=\"http://giadinh.mediacdn.vn/2020/7/2/suon-xao-chua-ngot-3-15936772350241238436554.jpg\" /></div>\r\n<div>\r\n<p style=\"text-align: center;\" data-placeholder=\"[nhập ch&uacute; th&iacute;ch]\">R&aacute;n x&eacute;m 2 mặt</p>\r\n</div>\r\n</div>\r\n<p><strong>Bước 2:</strong>&nbsp;Pha nước sốt theo đ&uacute;ng tỉ lệ: 3 - 2 - 1 (3 đường - 2 dấm - 1 muối), th&ecirc;m tương ớt tạo m&agrave;u, cho th&ecirc;m &iacute;t nước lọc rồi quấy đều. Nhiều chị em s&aacute;ng tạo đ&atilde; g&oacute;p &yacute; c&oacute; thể thay thế dấm bằng nước cốt chanh, sườn sẽ thơm hơn. Nhưng c&ocirc;ng thức vẫn l&agrave; 3 - 2 - 1.</p>\r\n<div>\r\n<div><img id=\"img_21829600-bc3b-11ea-af0f-0d49c7ba8353\" style=\"display: block; margin-left: auto; margin-right: auto;\" title=\"Tỷ lệ chuẩn l&agrave;m m&oacute;n sườn x&agrave;o chua ngọt ngon bất bại, chị em đua nhau l&agrave;m theo - Ảnh 4.\" src=\"http://giadinh.mediacdn.vn/thumb_w/640/2020/7/2/1536837536-15936772751601554697419.jpg\" alt=\"Tỷ lệ chuẩn l&agrave;m m&oacute;n sườn x&agrave;o chua ngọt ngon bất bại, chị em đua nhau l&agrave;m theo - Ảnh 4.\" width=\"375\" height=\"250\" data-original=\"http://giadinh.mediacdn.vn/2020/7/2/1536837536-15936772751601554697419.jpg\" /></div>\r\n<div>\r\n<p style=\"text-align: center;\" data-placeholder=\"[nhập ch&uacute; th&iacute;ch]\">Chế nước sốt theo tỉ lệ 3 - 2 - 1</p>\r\n</div>\r\n</div>\r\n<p><strong>Bước 2:</strong>&nbsp;Tỏi 1 củ, b&oacute;c rửa sạch rồi băm nhỏ, phi tỏi v&agrave;ng rồi cho sườn đ&atilde; r&aacute;n v&agrave;o.</p>\r\n<p><strong>Bước 4:</strong>&nbsp;Đổ nước sốt vừa chế v&agrave;o chảo sườn rim nhỏ lửa cho đến l&uacute;c cạn nước.</p>\r\n<div>\r\n<div><img id=\"img_a3ee9b30-bc3a-11ea-886c-077ba93c1e9b\" style=\"display: block; margin-left: auto; margin-right: auto;\" title=\"Tỷ lệ chuẩn l&agrave;m m&oacute;n sườn x&agrave;o chua ngọt ngon bất bại, chị em đua nhau l&agrave;m theo - Ảnh 5.\" src=\"http://giadinh.mediacdn.vn/thumb_w/640/2020/7/2/1016797451710489077064941230128324378843223o-1593677064346833815335.jpg\" alt=\"Tỷ lệ chuẩn l&agrave;m m&oacute;n sườn x&agrave;o chua ngọt ngon bất bại, chị em đua nhau l&agrave;m theo - Ảnh 5.\" width=\"375\" height=\"375\" data-original=\"http://giadinh.mediacdn.vn/2020/7/2/1016797451710489077064941230128324378843223o-1593677064346833815335.jpg\" /></div>\r\n<div>&nbsp;</div>\r\n</div>\r\n<p>Ch&uacute;c c&aacute;c chị em trong nh&oacute;m c&oacute; th&ecirc;m 1 m&oacute;n ăn đưa cơm chiều chồng mỗi ng&agrave;y l&agrave;m việc mệt mỏi.</p>\r\n</div>\r\n</div>\r\n</header>', 'cat02', 'https://photo-1-baomoi.zadn.vn/w300_r3x2/2020_07_03_91_35574873/9f6c8ecf3b8cd2d28b9d.jpg', NULL, NULL, NULL, NULL, 3, 1),
('000013', '3 món chè ngon, thanh mát \'vạn người mê\', mẹ đảm không thể bỏ qua', '\r\n<header>\r\n<div>\r\n<h1>3 m&oacute;n ch&egrave; ngon, thanh m&aacute;t \'vạn người m&ecirc;\', mẹ đảm kh&ocirc;ng thể bỏ qua</h1>\r\n</div>\r\n<div>\r\n<div>Dưới đ&acirc;y l&agrave; c&ocirc;ng thức l&agrave;m&nbsp;những&nbsp;m&oacute;n ch&egrave; thơm m&aacute;t, thanh ngọt để trổ t&agrave;i cho cả nh&agrave; thưởng thức.</div>\r\n<div>\r\n<p>1. Ch&egrave; đậu đỏ</p>\r\n<p>Nguy&ecirc;n liệu</p>\r\n<p>300g đậu đỏ</p>\r\n<p>100g đường ph&egrave;n</p>\r\n<p>200g đường hoa mai</p>\r\n<p>2 l&iacute;t nước</p>\r\n<p>C&aacute;ch l&agrave;m</p>\r\n<ins data-adsbygoogle-status=\"done\" data-ad-slot=\"4945054740\" data-ad-client=\"ca-pub-1198251289541286\" data-ad-format=\"fluid\" data-ad-layout=\"in-article\"><ins id=\"aswift_4_expand\"><ins id=\"aswift_4_anchor\"></ins></ins></ins>\r\n<p>Đậu đỏ cho v&agrave;o thau nước để loại bỏ những hạt s&acirc;u, hạt l&eacute;p nổi l&ecirc;n tr&ecirc;n. Cho ra rổ xả lại nước lạnh cho sạch rồi cho v&agrave;o nồi &aacute;p suất c&ugrave;ng với 2 l&iacute;t nước. Nếu mua được đậu tốt, hạt đều th&igrave; chỉ cần cho ra rổ xả nước lạnh sơ qua cho sạch bụi.</p>\r\n<figure><img style=\"height: 282px; width: 376px; display: block; margin-left: auto; margin-right: auto;\" src=\"https://media.doanhnghiepvn.vn/Images/Uploaded/Share/2020/07/03/3-mon-che-ngon-thanh-mat-van-nguoi-me-me-dam-khong-the-bo-qua_1.jpg\" alt=\"Empty\" width=\"700\" height=\"525\" /></figure>\r\n<figure style=\"text-align: center;\">Ảnh minh họa</figure>\r\n<ins data-adsbygoogle-status=\"done\" data-ad-slot=\"1486014904\" data-ad-client=\"ca-pub-1198251289541286\"><ins id=\"aswift_5_expand\"><ins id=\"aswift_5_anchor\"></ins></ins></ins>\r\n<div>Đậy k&iacute;n nắp nồi &aacute;p suất lại rồi cho l&ecirc;n bếp đun lửa to vừa cho đến khi nồi bắt đầu x&igrave; hơi (khoảng 10 - 12 ph&uacute;t) th&igrave; hạ lửa nhỏ. Đun th&ecirc;m khoảng 3 ph&uacute;t rồi tắt bếp (đối với trường hợp d&ugrave;ng bếp điện). Nếu d&ugrave;ng bếp gas th&igrave; đun khoảng 4-5 ph&uacute;t, sau đ&oacute; để nguy&ecirc;n nồi tr&ecirc;n bếp cho nồi xả hết hơi tự nhi&ecirc;n.</div>\r\n<p>Mở nắp nồi ra, cho đường ph&egrave;n v&agrave;o ch&egrave;, nấu th&ecirc;m (kh&ocirc;ng đậy nắp) cho ch&egrave; s&ocirc;i lại v&agrave; cho đường hoa mai v&agrave;o đợi tan hết l&agrave; được.</p>\r\n<p>2. Ch&egrave; khoai sọ</p>\r\n<p>Nguy&ecirc;n liệu</p>\r\n<p>400g khoai sọ.</p>\r\n<ins data-adsbygoogle-status=\"done\" data-ad-slot=\"4945054740\" data-ad-client=\"ca-pub-1198251289541286\" data-ad-format=\"fluid\" data-ad-layout=\"in-article\"><ins id=\"aswift_6_expand\"><ins id=\"aswift_6_anchor\"></ins></ins></ins>\r\n<p>20g bột b&aacute;ng kh&ocirc;.</p>\r\n<p>250g đường c&aacute;t.</p>\r\n<p>200ml nước cốt dừa.</p>\r\n<p>C&aacute;ch l&agrave;m</p>\r\n<ins data-adsbygoogle-status=\"done\" data-ad-slot=\"4945054740\" data-ad-client=\"ca-pub-1198251289541286\" data-ad-format=\"fluid\" data-ad-layout=\"in-article\"><ins id=\"aswift_7_expand\"><ins id=\"aswift_7_anchor\"></ins></ins></ins>\r\n<p>Khoai gọt cắt miếng nhỏ vừa ăn (khi gọt vỏ c&aacute;c bạn đeo găng tay nylon v&agrave;o để đỡ nhớt).</p>\r\n<ins data-adsbygoogle-status=\"done\" data-ad-slot=\"4945054740\" data-ad-client=\"ca-pub-1198251289541286\" data-ad-format=\"fluid\" data-ad-layout=\"in-article\"><ins id=\"aswift_8_expand\"><ins id=\"aswift_8_anchor\"></ins></ins></ins>\r\n<figure><img style=\"height: 282px; width: 376px; display: block; margin-left: auto; margin-right: auto;\" src=\"https://media.doanhnghiepvn.vn/Images/Uploaded/Share/2020/07/03/3-mon-che-ngon-thanh-mat-van-nguoi-me-me-dam-khong-the-bo-qua_2.jpg\" alt=\"Empty\" width=\"700\" height=\"525\" /></figure>\r\n<figure style=\"text-align: center;\">Ảnh minh họa</figure>\r\n<p>Cho v&agrave;o nồi khoảng 500ml nước + khoai + đường rồi đặt l&ecirc;n bếp nấu với lửa vừa khoảng 20 ph&uacute;t l&agrave; khoai ch&iacute;n. Trong khi nấu, thỉnh thoảng c&aacute;c bạn đảo đều cho khoai khỏi d&iacute;nh đ&aacute;y nồi.</p>\r\n<p>Bột b&aacute;ng ng&acirc;m nước cho mềm rồi cho v&agrave;o nồi ch&egrave; c&ugrave;ng với nước cốt dừa, đun lại cho s&ocirc;i th&ecirc;m v&agrave;i ph&uacute;t, n&ecirc;m nếm lại cho vừa vị ngọt theo khẩu vị gia đ&igrave;nh.</p>\r\n<p>Ch&egrave; ch&iacute;n tắt bếp rồi m&uacute;c ra b&aacute;t, d&ugrave;ng n&oacute;ng hay nguội đều ngon.</p>\r\n<p>3. Ch&egrave; ng&ocirc;</p>\r\n<p>Với c&aacute;ch l&agrave;m đơn giản, chỉ v&agrave;i bước nhỏ l&agrave; bạn c&oacute; thể ho&agrave;n th&agrave;nh xong m&oacute;n ch&egrave; ngọt m&aacute;t.</p>\r\n<ins data-adsbygoogle-status=\"done\" data-ad-slot=\"4945054740\" data-ad-client=\"ca-pub-1198251289541286\" data-ad-format=\"fluid\" data-ad-layout=\"in-article\"><ins id=\"aswift_9_expand\"><ins id=\"aswift_9_anchor\"></ins></ins></ins>\r\n<p>Nguy&ecirc;n liệu</p>\r\n<p>2 bắp ng&ocirc; nếp tươi.</p>\r\n<p>1 bắp ng&ocirc; ngọt.</p>\r\n<p>1 b&aacute;t con bột sắn d&acirc;y.</p>\r\n<p>50g đường.</p>\r\n<ins data-adsbygoogle-status=\"done\" data-ad-slot=\"4945054740\" data-ad-client=\"ca-pub-1198251289541286\" data-ad-format=\"fluid\" data-ad-layout=\"in-article\"><ins id=\"aswift_10_expand\"><ins id=\"aswift_10_anchor\"></ins></ins></ins>\r\n<p>100ml nước cốt dừa.</p>\r\n<p>1 th&igrave;a nhỏ đường.</p>\r\n<p>1/2 th&igrave;a nhỏ muối.</p>\r\n<p>1 th&igrave;a nhỏ bột bắp.</p>\r\n<p>C&aacute;ch l&agrave;m</p>\r\n<ins data-adsbygoogle-status=\"done\" data-ad-slot=\"4945054740\" data-ad-client=\"ca-pub-1198251289541286\" data-ad-format=\"fluid\" data-ad-layout=\"in-article\"><ins id=\"aswift_11_expand\"><ins id=\"aswift_11_anchor\"></ins></ins></ins>\r\n<p>Gọt lấy phần hạt ng&ocirc;, giữ lại l&otilde;i ng&ocirc;.</p>\r\n<p>Đổ v&agrave;o nồi khoảng hai b&aacute;t con nước lọc, cho l&otilde;i ng&ocirc; v&agrave; hạt ng&ocirc; luộc chung. Đun đến khi hạt ng&ocirc; mềm, vớt l&otilde;i ng&ocirc; bỏ đi.</p>\r\n<figure><img style=\"height: 251px; width: 376px; display: block; margin-left: auto; margin-right: auto;\" src=\"https://media.doanhnghiepvn.vn/Images/Uploaded/Share/2020/07/03/3-mon-che-ngon-thanh-mat-van-nguoi-me-me-dam-khong-the-bo-qua_3.jpg\" alt=\"Empty\" width=\"700\" height=\"467\" /></figure>\r\n<figure style=\"text-align: center;\">Ảnh&nbsp; minh&nbsp; họa</figure>\r\n<p>Tiếp theo cho đường v&agrave;o, đun s&ocirc;i lửa nhỏ để đường thấm v&agrave;o ng&ocirc;.</p>\r\n<p>H&ograve;a tan bột sắn d&acirc;y với ch&uacute;t nước lạnh, đổ từ từ bột sắn v&agrave;o nồi ch&egrave; ng&ocirc; đang ninh, khuấy đều đến khi bột sắn d&acirc;y trở n&ecirc;n trong suốt. Tắt bếp.</p>\r\n<p>Đổ nước cốt dừa, muối, đường, bột bắp v&agrave;o nồi. Đặt l&ecirc;n bếp đun lửa nhỏ, vừa đun vừa khuấy đến khi nước cốt dừa đặc lại.</p>\r\n<ins data-adsbygoogle-status=\"done\" data-ad-slot=\"4945054740\" data-ad-client=\"ca-pub-1198251289541286\" data-ad-format=\"fluid\" data-ad-layout=\"in-article\"><ins id=\"aswift_12_expand\"><ins id=\"aswift_12_anchor\"></ins></ins></ins>\r\n<p>M&uacute;c ng&ocirc; ra b&aacute;t, b&ecirc;n tr&ecirc;n chan &iacute;t nước cốt dừa. D&ugrave;ng n&oacute;ng hay lạnh đều ngon.</p>\r\n<p>Ch&uacute;c bạn th&agrave;nh c&ocirc;ng!</p>\r\n</div>\r\n</div>\r\n</header>', 'cat02', 'https://photo-1-baomoi.zadn.vn/w300_r3x2/2020_07_03_304_35574562/ab8c162aa3694a371378.jpg', NULL, NULL, NULL, NULL, 3, 1),
('000014', 'Mẹ đảm làm kem bơ thơm ngon mềm dẻo tan trong miệng', '<header>\r\n<div>\r\n<h1>Mẹ đảm l&agrave;m kem bơ thơm ngon mềm dẻo tan trong miệng</h1>\r\n</div>\r\n<div>\r\n<div>Với c&ocirc;ng thức l&agrave;m kem bơ dưới đ&acirc;y sẽ gi&uacute;p bạn c&oacute; được một m&oacute;n ăn ho&agrave;n hảo.</div>\r\n<div>\r\n<div>\r\n<div>\r\n<p>Nguy&ecirc;n liệu v&agrave; dụng cụ l&agrave;m kem bơ</p>\r\n<p>3 tr&aacute;i bơ s&aacute;p ch&iacute;n n&ecirc;n chọn loại bơ ch&iacute;n đều kh&ocirc;ng bị nẫu</p>\r\n<p>3 muỗng canh nước cốt dừa</p>\r\n<p>200 ml sữa tươi</p>\r\n<p>1/2 lon sữa đặc</p>\r\n<p>150 ml whipping cream</p>\r\n<p>1 th&igrave;a đường</p>\r\n<p>1 chiếc m&aacute;y xay sinh tố, m&aacute;y đ&aacute;nh trứng, th&igrave;a, b&aacute;t...</p>\r\n<div id=\"ads_41\">\r\n<div>&nbsp;</div>\r\n</div>\r\n<figure><img style=\"height: 265px; width: 397px; display: block; margin-left: auto; margin-right: auto;\" src=\"https://media.doanhnghiepvn.vn/Images/Uploaded/Share/2020/07/03/Me-dam-lam-kem-bo-thom-ngon-mem-deo-tan-trong-mieng_1.jpg\" alt=\"C&aacute;ch l&agrave;m kem bơ thơm ngon m&aacute;t lạnh trong ng&agrave;y h&egrave;\" width=\"693\" height=\"462\" />\r\n<figcaption>\r\n<h2>C&aacute;ch l&agrave;m kem bơ thơm ngon m&aacute;t lạnh trong ng&agrave;y h&egrave;</h2>\r\n</figcaption>\r\n</figure>\r\n<p>C&aacute;ch l&agrave;m kem bơ bằng m&aacute;y xay sinh tố</p>\r\n<p>Bước 1: Trước ti&ecirc;n bạn h&atilde;y lấy phần bơ lột vỏ bỏ hạt rồi cắt th&agrave;nh từng miếng nhỏ sau đ&oacute; cho v&agrave;o m&aacute;y xay sinh tố để chuẩn bị xay nhuyễn.</p>\r\n<p>Bước 2: Tiếp theo đ&oacute;, bạn h&atilde;y cho v&agrave;o 3 muỗng canh nước cốt dừa, 200 ml sữa tươi, 1/2 lon sữa đặc rồi xay nhuyễn mịn c&ugrave;ng với bơ l&agrave; được. Bạn h&atilde;y xay thật nhuyễn c&agrave;ng nhuyễn th&igrave; phần kem bơ th&agrave;nh phẩm sẽ c&agrave;ng ngon hơn rất nhiều.</p>\r\n<p>Bước 3: Tiếp đ&oacute; bạn h&atilde;y đ&aacute;nh b&ocirc;ng 200 ml whipping cream với 1 muỗng canh đường bằng m&aacute;y đ&aacute;nh trứng. Rồi bạn sẽ cho hỗn hợp bơ đ&atilde; xay mịn l&uacute;c n&atilde;y v&agrave;o trộn đều tới khi h&ograve;a quyện c&ugrave;ng nhau. Khi bạn đ&aacute;nh c&agrave;ng tan th&igrave; kem bơ c&agrave;ng ngon v&agrave; xốp mịn.</p>\r\n<p>Bước 4: Sau khi đ&aacute;nh nhuyễn hỗn hợp tr&ecirc;n bạn h&atilde;y cho to&agrave;n bộ kem v&agrave;o hộp v&agrave; bỏ v&agrave;o ngăn đ&aacute; tủ lạnh tối thiểu khoảng 8 tiếng l&agrave; c&oacute; thể d&ugrave;ng được rồi.</p>\r\n<ins data-adsbygoogle-status=\"done\" data-ad-slot=\"4945054740\" data-ad-client=\"ca-pub-1198251289541286\" data-ad-format=\"fluid\" data-ad-layout=\"in-article\"><ins id=\"aswift_5_expand\"><ins id=\"aswift_5_anchor\"></ins></ins></ins>\r\n<figure><img style=\"height: 259px; width: 390px; display: block; margin-left: auto; margin-right: auto;\" src=\"https://media.doanhnghiepvn.vn/Images/Uploaded/Share/2020/07/03/Me-dam-lam-kem-bo-thom-ngon-mem-deo-tan-trong-mieng_2.jpg\" alt=\"C&aacute;ch l&agrave;m kem bơ thơm ngon bổ dưỡng tan trong miệng ai cũng th&iacute;ch m&ecirc; mỗi khi ăn\" width=\"590\" height=\"392\" />\r\n<figcaption>\r\n<h2>C&aacute;ch l&agrave;m kem bơ thơm ngon bổ dưỡng tan trong miệng ai cũng th&iacute;ch m&ecirc; mỗi khi ăn</h2>\r\n</figcaption>\r\n</figure>\r\n<p>M&oacute;n kem bơ cuối c&ugrave;ng đ&atilde; ho&agrave;n tất, thưởng thức ngay c&ugrave;ng gia đ&igrave;nh bạn nh&eacute;! M&oacute;n kem bơ nếu được thưởng thức trong những ng&agrave;y h&egrave; n&oacute;ng bức th&igrave; sẽ thật l&agrave; tuyệt vời. Bạn c&oacute; thể để kem trong những hộp lớn rồi mỗi lần ăn th&igrave; lấy v&agrave;o ly để thưởng thức.</p>\r\n</div>\r\n</div>\r\n</div>\r\n</div>\r\n</header>', 'cat02', 'https://photo-1-baomoi.zadn.vn/w300_r3x2/2020_07_03_304_35574448/2e86c72272619b3fc270.jpg', NULL, NULL, NULL, NULL, 2, 1),
('000015', 'Lý thú Vườn quốc gia Nam Cát Tiên', '\r\n<header>\r\n<h1 style=\"list-style-type: none;\">L&yacute; th&uacute; Vườn quốc gia Nam C&aacute;t Ti&ecirc;n</h1>\r\n<div>\r\n<div id=\"content\">\r\n<p style=\"list-style-type: none;\"><strong><em>Đến thăm Vườn quốc gia Nam C&aacute;t Ti&ecirc;n v&agrave;o bất kỳ m&ugrave;a n&agrave;o trong năm, du kh&aacute;ch đều v&ocirc; c&ugrave;ng th&iacute;ch th&uacute; bởi nhiều điều hấp dẫn giữa bạt ng&agrave;n n&uacute;i rừng, c&acirc;y cối v&agrave; chim mu&ocirc;ng.</em></strong></p>\r\n<table style=\"width: 437.6px;\" width=\"600\" align=\"center\">\r\n<tbody>\r\n<tr>\r\n<td style=\"text-align: center;\"><img style=\"height: 261px; width: 392px;\" src=\"http://www.baobariavungtau.com.vn/dataimages/202007/original/images1623102_THI_N_NHI_N_T__I___P_C_A_NAM_C_T_TI_N_KHI_N_AI___N___Y_C_NG___U__N_T__NG__TH_CH_TH____N_NAO_L_NG.jpg\" alt=\"Thi&ecirc;n nhi&ecirc;n tươi đẹp của Nam C&aacute;t Ti&ecirc;n khiến ai đến đ&acirc;y cũng đều ấn tượng, th&iacute;ch th&uacute; đến nao l&ograve;ng.\" /></td>\r\n</tr>\r\n<tr>\r\n<td style=\"text-align: center;\">Thi&ecirc;n nhi&ecirc;n tươi đẹp của Nam C&aacute;t Ti&ecirc;n khiến ai đến đ&acirc;y cũng đều ấn tượng, th&iacute;ch th&uacute; đến nao l&ograve;ng.</td>\r\n</tr>\r\n</tbody>\r\n</table>\r\n<p style=\"list-style-type: none;\">B&igrave;nh minh ở Nam C&aacute;t Ti&ecirc;n thường đến sớm, bởi những tiếng vượn gọi bầy, tr&ecirc;u đ&ugrave;a nhau ch&iacute; ch&oacute;e tr&ecirc;n những ngọn c&acirc;y, bầy chim ch&oacute;c cũng đua nhau h&oacute;t vang đ&aacute;nh thức cả v&ugrave;ng. Một ng&agrave;y kh&aacute;m ph&aacute; những điều b&iacute; ẩn ở khu rừng rộng lớn mới bắt đầu.</p>\r\n<p style=\"list-style-type: none;\">Vườn quốc gia Nam C&aacute;t Ti&ecirc;n rộng lớn nằm tr&ecirc;n địa phận của ba tỉnh Đồng Nai, B&igrave;nh Phước v&agrave; L&acirc;m Đồng, với rất nhiều con đường kh&aacute;c nhau. Vườn quốc gia Nam C&aacute;t Ti&ecirc;n rộng lớn được bao bọc bởi con s&ocirc;ng Đồng Nai, n&ecirc;n phải xuống đ&ograve; hoặc ph&agrave; băng qua s&ocirc;ng mới tới được cổng khu du lịch. Ở khu vườn rộng lớn tới hơn 71.000 ha như Nam C&aacute;t Ti&ecirc;n th&igrave; c&oacute; v&ocirc; số những điều đặc biệt để kh&aacute;m ph&aacute;.</p>\r\n<p style=\"list-style-type: none;\">Dưới những t&aacute;n c&acirc;y cổ thụ, những ng&ocirc;i nh&agrave; vẫn ch&igrave;m trong sương mờ như trong cổ t&iacute;ch. Phải khi mặt trời l&ecirc;n, &aacute;nh s&aacute;ng mới xuy&ecirc;n qua được những t&aacute;n c&acirc;y cao rộng để lọt xuống con đường r&ecirc;u xanh phủ k&iacute;n lối đi. Nhưng để kh&aacute;m ph&aacute; những b&iacute; mật của rừng gi&agrave; th&igrave; phải len lỏi v&agrave;o tận rừng s&acirc;u, c&aacute;ch thức duy nhất l&agrave; đi bộ.</p>\r\n<p style=\"list-style-type: none;\">Băng qua những rễ c&acirc;y cổ thụ hay tr&egrave;o qua những b&atilde;i đ&aacute; ngổn ngang, c&acirc;y si trăm th&acirc;n &ndash; với h&agrave;ng trăm rễ to nhỏ găm xuống l&ograve;ng suối, kh&ocirc;ng ai biết rễ ch&iacute;nh rễ phụ khiến mọi người ngỡ ng&agrave;ng. C&oacute; khi dừng ch&acirc;n b&ecirc;n một khe nước nhỏ, du kh&aacute;ch c&oacute; thể thấy những con th&uacute; nhỏ khe khẽ chạy ra uống nước, hoặc l&eacute;n nh&igrave;n những người kh&aacute;ch lạ từ những hốc c&acirc;y b&ecirc;n đường.</p>\r\n<p style=\"list-style-type: none;\">Ở đ&acirc;y c&oacute; hơn 300 lo&agrave;i gỗ qu&yacute;, trong đ&oacute; nhiều lo&agrave;i đặc hữu của miền Đ&ocirc;ng Nam Bộ. Giữa rừng nguy&ecirc;n sinh rậm rạp, để đi tới những nơi c&oacute; c&acirc;y qu&yacute; c&oacute; khi lội qua những khe suối nước m&aacute;t lạnh hay đu theo những d&acirc;y m&acirc;y dẻo dai. S&acirc;u trong rừng, c&acirc;y t&ugrave;ng đại thụ c&oacute; tuổi đời tới 400 năm với bộ rễ cao, d&agrave;i như bức tường ki&ecirc;n cố đủ cho h&agrave;ng chục người c&ugrave;ng dựa lưng.</p>\r\n<p style=\"list-style-type: none;\">Ở Nam C&aacute;t Ti&ecirc;n c&oacute; rất nhiều m&ugrave;a đặc biệt. M&ugrave;a h&egrave; l&agrave; m&ugrave;a bướm bay rợp trời. Những đ&agrave;n bướm đủ sắc m&agrave;u từ đ&acirc;u bay tới s&agrave; xuống những lối đi hay theo những t&aacute;n c&acirc;y th&agrave;nh từng đ&agrave;n, rồi thoắt c&aacute;i lại rủ nhau bay đi. M&ugrave;a mưa l&agrave; m&ugrave;a nấm sinh s&ocirc;i nảy nở, với những tầng thảm mục chen ch&uacute;c những c&acirc;y nấm đủ h&igrave;nh th&ugrave;. Đầu m&ugrave;a kh&ocirc;, rừng bằng lăng chuyển từ m&agrave;u xanh sang th&agrave;nh l&aacute; đỏ. C&acirc;y bằng lăng s&aacute;u ngọn nổi bật tr&ecirc;n nền th&acirc;n c&acirc;y trắng, rực rỡ cả một khoảng trời. M&ugrave;a hoa th&igrave; gần như quanh năm, với đủ c&aacute;c loại hoa dại tới hoa rừng qu&yacute; hiếm.</p>\r\n<p style=\"list-style-type: none;\">Con đường m&ograve;n đi quanh rừng trở th&agrave;nh cung đường kh&aacute;m ph&aacute; th&uacute; vị cho du kh&aacute;ch bằng cả xe đạp hoặc đi bộ. Ở vườn quốc gia Nam C&aacute;t Ti&ecirc;n, những khu nghỉ đều mang những c&aacute;i t&ecirc;n rất đ&aacute;ng y&ecirc;u như nh&agrave; nghỉ Voi, nh&agrave; nghỉ Gấu, nh&agrave; nghỉ Bằng Lăng&hellip; Mỗi căn ph&ograve;ng được thiết kế đơn giản, lối đi với những h&agrave;ng hoa tươi xanh. Kh&ocirc;ng gian chan h&ograve;a với thi&ecirc;n nhi&ecirc;n, n&eacute;p m&igrave;nh giữa những t&aacute;n c&acirc;y xanh giữa rừng, ngủ giữa rừng để trải nghiệm cảm gi&aacute;c h&ugrave;ng vĩ của thi&ecirc;n nhi&ecirc;n sẽ mang lại cảm gi&aacute;c &ldquo;sống xanh&rdquo; với thi&ecirc;n nhi&ecirc;n.</p>\r\n<table style=\"width: 437.6px;\" width=\"600\" align=\"center\">\r\n<tbody>\r\n<tr>\r\n<td style=\"text-align: center;\"><img style=\"height: 260px; width: 391px;\" src=\"http://www.baobariavungtau.com.vn/dataimages/202007/original/images1623103___P_XE_KH_M_PH__NAM_C_T_TI_N_L__H_NH_TH_C____C_NHI_U_DU_KH_CH_L_A_CH_N.jpg\" alt=\"Đạp xe kh&aacute;m ph&aacute; Nam C&aacute;t Ti&ecirc;n l&agrave; h&igrave;nh thức được nhiều du kh&aacute;ch lựa chọn.\" /></td>\r\n</tr>\r\n<tr style=\"text-align: center;\">\r\n<td>Đạp xe kh&aacute;m ph&aacute; Nam C&aacute;t Ti&ecirc;n l&agrave; h&igrave;nh thức được nhiều du kh&aacute;ch lựa chọn.</td>\r\n</tr>\r\n</tbody>\r\n</table>\r\n<p style=\"list-style-type: none;\">V&agrave;o ng&agrave;y m&ugrave;a h&egrave; n&oacute;ng bức, ở Vườn quốc gia Nam C&aacute;t Ti&ecirc;n giống như một nơi trốn n&oacute;ng l&yacute; tưởng. Rất nhiều gia đ&igrave;nh chọn nơi đ&acirc;y l&agrave;m chương tr&igrave;nh ngoại kh&oacute;a, buổi học d&atilde; ngoại cho con em m&igrave;nh. Con đường ch&iacute;nh trong Vườn quốc gia Nam C&aacute;t Ti&ecirc;n c&oacute; thể đi được xe jeep, xe chuy&ecirc;n dụng của kiểm l&acirc;m hoặc xe đạp. Những buổi chiều, nhiều du kh&aacute;ch đều muốn n&aacute;n lại nh&igrave;n ho&agrave;ng h&ocirc;n tr&ocirc;i tr&ecirc;n s&ocirc;ng Đồng Nai, ngắm chiếc đ&ograve; ngang chạy giữa đ&ocirc;i bờ để n&iacute;u lại khoảnh khắc trước khi đ&ecirc;m về.</p>\r\n<p style=\"list-style-type: none;\">Theo ch&acirc;n những c&aacute;n bộ kiểm l&acirc;m &ndash; những hướng dẫn vi&ecirc;n bản địa am hiểu về khu rừng, Vườn quốc gia Nam C&aacute;t Ti&ecirc;n l&agrave; nơi cư ngụ của h&agrave;ng trăm lo&agrave;i động vật hoang d&atilde; v&agrave; b&aacute;n hoang d&atilde;. Nhiều lo&agrave;i động vật c&ograve;n nằm trong S&aacute;ch đỏ Việt Nam như t&ecirc; gi&aacute;c một sừng, c&oacute;c mắt ch&acirc;n d&agrave;i, trăn gấm, trăn đen&hellip; Kh&ocirc;ng kh&oacute; để lắng nghe tiếng chim mu&ocirc;ng, khỉ vượn ở khu rừng bởi ở đ&acirc;y l&agrave; thi&ecirc;n đường của hơn 350 lo&agrave;i chim v&agrave; c&oacute; trạm cứu hộ gấu, khỉ để du kh&aacute;ch tham quan. Du kh&aacute;ch c&oacute; thể tham gia c&ugrave;ng bảo tồn với thi&ecirc;n nhi&ecirc;n khi từ s&aacute;ng sớm, những chiếc xe đẩy nhỏ chở hoa quả, rau xanh đ&atilde; được tập kết để mang thức ăn tới những chuồng nu&ocirc;i gấu, khỉ, vượn&hellip; đang được nu&ocirc;i dưỡng, bảo tồn ở đ&acirc;y.</p>\r\n<table style=\"width: 400px; height: 213px;\" width=\"600\" align=\"center\">\r\n<tbody>\r\n<tr>\r\n<td style=\"width: 600px;\"><img style=\"height: 246px; width: 390px; display: block; margin-left: auto; margin-right: auto;\" src=\"http://www.baobariavungtau.com.vn/dataimages/202007/original/images1623104_DU_KH_CH_V__C_NG_TH_CH_TH__TH__GI_N_B_N_G_C_C_Y_T_NG_C__TH__KH_NG_L_.jpg\" alt=\"Du kh&aacute;ch th&iacute;ch th&uacute; thư gi&atilde;n b&ecirc;n gốc c&acirc;y t&ugrave;ng cổ thụ khổng lồ.\" /></td>\r\n</tr>\r\n<tr style=\"text-align: center;\">\r\n<td style=\"width: 600px;\">Du kh&aacute;ch th&iacute;ch th&uacute; thư gi&atilde;n b&ecirc;n gốc c&acirc;y t&ugrave;ng cổ thụ khổng lồ.</td>\r\n</tr>\r\n</tbody>\r\n</table>\r\n<p style=\"list-style-type: none;\">Sau bữa cơm chiều qu&acirc;y quần c&ugrave;ng với c&aacute;c c&aacute;n bộ kiểm l&acirc;m, t&igrave;nh nguyện vi&ecirc;n tham gia bảo tồn v&agrave; gi&aacute;o dục thi&ecirc;n nhi&ecirc;n, du kh&aacute;ch sẽ chuẩn bị cho buổi tối xem th&uacute; đi ăn đ&ecirc;m. Băng qua những trảng cỏ tranh rộng lớn, theo &aacute;nh đ&egrave;n rọi về ph&iacute;a khu rừng, nhiều lo&agrave;i động vật hoang d&atilde; như lợn rừng, nai, nh&iacute;m, b&ograve; t&oacute;t, chồn&hellip; vẫn đang chăm ch&uacute; kiếm ăn. Du kh&aacute;ch lu&ocirc;n bất ngờ, trầm trồ với những t&igrave;m kiếm mới lạ sau những &aacute;nh đ&egrave;n, c&ograve;n c&aacute;c lo&agrave;i động vật đ&atilde; quen với sự hiện hữu của con người đồng h&agrave;nh c&ugrave;ng mỗi chuyến săn đ&ecirc;m, n&ecirc;n cũng đều quen thuộc với nhau. Bởi vậy, những ấn tượng về Nam C&aacute;t Ti&ecirc;n đều s&acirc;u đậm trong mỗi người.</p>\r\n</div>\r\n</div>\r\n</header>', 'cat02', 'https://photo-1-baomoi.zadn.vn/w300_r3x2/2020_07_03_407_35575118/aefd4f40fa03135d4a12.jpg', NULL, NULL, NULL, NULL, 5, 1),
('000016', 'Du lịch nội địa tái khởi động sau dịch Covid-19', '\r\n<h1>Du lịch nội địa t&aacute;i khởi động sau dịch Covid-19</h1>\r\n<div>\r\n<div id=\"__MB_MASTERCMS_EL_3\">\r\n<p><strong>(X&acirc;y dựng) - Sau thời gian thực hiện gi&atilde;n c&aacute;ch x&atilde; hội để chống dịch Covid-19, ng&agrave;nh Du lịch đ&atilde; bắt đầu c&oacute; kh&aacute;ch trở lại. Để ph&aacute;t triển thị trường nội địa, c&aacute;c địa phương v&agrave; doanh nghiệp đ&atilde; thực hiện h&agrave;ng loạt chương tr&igrave;nh k&iacute;ch cầu lớn thu h&uacute;t du kh&aacute;ch.</strong></p>\r\n<table style=\"width: 794.4px;\" border=\"0\" cellspacing=\"0\" cellpadding=\"0\">\r\n<tbody>\r\n<tr>\r\n<td><img style=\"width: 794.4px; height: auto;\" title=\"Du lịch nội địa t&aacute;i khởi động sau dịch Covid-19\" src=\"https://baoxaydung.com.vn/stores/news_dataimages/vananh/062020/29/17/in_article/2012_image001.jpg\" alt=\"du lich noi dia tai khoi dong sau dich covid 19\" border=\"0/\" /></td>\r\n</tr>\r\n<tr>\r\n<td>Lượng du kh&aacute;ch tham quan Thung lũng T&igrave;nh y&ecirc;u tại Đ&agrave; Lạt kh&ocirc;ng đ&ocirc;ng so với thời điểm n&agrave;y năm ngo&aacute;i.</td>\r\n</tr>\r\n</tbody>\r\n</table>\r\n<p><strong>Kh&aacute;ch &ldquo;rục rịch&rdquo; đi du lịch trở lại</strong></p>\r\n<p>Với mảng kh&aacute;ch sạn, tuy c&oacute; những kh&aacute;ch sạn, khu nghỉ dưỡng ven biển c&oacute; c&ocirc;ng suất ph&ograve;ng kh&aacute; cao v&agrave;o cuối tuần nhưng c&ocirc;ng suất ph&ograve;ng b&igrave;nh qu&acirc;n nh&igrave;n chung vẫn rất thấp. Ghi nhận tại Nha Trang thời điểm cuối th&aacute;ng 6/2020, hầu hết c&aacute;c kh&aacute;ch sạn vẫn c&ograve;n rất nhiều ph&ograve;ng trống bởi kh&aacute;ch du lịch vẫn c&ograve;n rất &iacute;t.</p>\r\n<p>Chuy&ecirc;n l&aacute;i xe taxi s&acirc;n bay v&agrave; phục vụ chở kh&aacute;ch tham quan du lịch tại Nha Trang, anh Sơn H&ugrave;ng cho biết, kh&aacute;ch đi du lịch tầm n&agrave;y kh&ocirc;ng phải đặt ph&ograve;ng trước m&agrave; đến nơi vẫn đặt được ph&ograve;ng, thậm ch&iacute; cả c&aacute;c kh&aacute;ch sạn cao cấp 4,5 sao nằm s&aacute;t biển với gi&aacute; chỉ từ 700 đến tr&ecirc;n 1 triệu đồng/ph&ograve;ng/đ&ecirc;m. Kh&ocirc;ng giống như trước đ&acirc;y (trước dịch Covid-19), c&aacute;c kh&aacute;ch sạn hầu như kh&ocirc;ng c&ograve;n ph&ograve;ng trống, kh&aacute;ch du lịch c&oacute; khi phải ở 3 đ&ecirc;m 3 kh&aacute;ch sạn kh&aacute;c nhau v&igrave; thiếu ph&ograve;ng n&ecirc;n li&ecirc;n kết chuyển chỗ ở lu&acirc;n phi&ecirc;n cho kh&aacute;ch. B&ecirc;n cạnh đ&oacute;, cũng do ảnh hưởng của dịch Covid-19, n&ecirc;n kh&ocirc;ng chỉ kh&aacute;ch nội địa m&agrave; lượng kh&aacute;ch từ Trung Quốc, Nga (chiếm số lượng đ&aacute;ng kể) chưa thể sang du lịch được.</p>\r\n<p>C&ugrave;ng chung số phận với c&aacute;c kh&aacute;ch sạn, nh&agrave; nghỉ, c&aacute;c nh&agrave; h&agrave;ng cũng trong t&igrave;nh trạng vắng kh&aacute;ch. Theo người d&acirc;n ở đ&acirc;y, trước khi dịch, c&aacute;c h&agrave;ng qu&aacute;n đều mở từ s&aacute;ng sớm đến đ&ecirc;m, thậm ch&iacute; đến 2,3 giờ s&aacute;ng nhưng hiện tại kh&aacute;ch muốn đi ăn tối th&igrave; phải ngo&agrave;i 6 rưỡi trở đi th&igrave; h&agrave;ng qu&aacute;n mới mở, trừ một số qu&aacute;n ăn vỉa h&egrave;.</p>\r\n<p>C&ograve;n tại Đ&agrave; Lạt, sau thời gian dịch bệnh phải gi&atilde;n c&aacute;ch, Đ&agrave; Lạt bị ảnh hưởng nặng nề về kinh tế, về du lịch, do c&aacute;c hoạt động du lịch dịch vụ bị ngừng trệ, h&agrave;ng qu&aacute;n đ&oacute;ng cửa.</p>\r\n<p>Theo thống k&ecirc;, lượng kh&aacute;ch đến tham quan v&agrave; nghỉ dưỡng tại L&acirc;m Đồng trong dịp nghỉ lễ 30/4 v&agrave; Ng&agrave;y Quốc tế lao động 1/5giảm mạnh, chỉ bằng 50 - 55% so với c&ugrave;ng kỳ năm 2019, do sau dịch người d&acirc;n vẫn c&ograve;n t&acirc;m l&yacute; e ngại di chuyển v&agrave; đang trong xu hướng thắt chặt chi ti&ecirc;u, hạn chế du lịch; c&aacute;c h&atilde;ng h&agrave;ng kh&ocirc;ng cắt giảm chuyến bay nội địa; nhiều đơn vị kinh doanh du lịch kh&ocirc;ng nhận kh&aacute;ch đo&agrave;n, m&agrave; chủ yếu đ&oacute;n kh&aacute;ch lẻ.</p>\r\n<p>Mặc d&ugrave; vẫn c&ograve;n một số khu, điểm chưa mở cửa, nhưng khoảng 90% cơ sở kinh doanh du lịch tại Đ&agrave; Lạt đ&atilde; hoạt động trở lại. Hầu hết c&aacute;c khu, điểm du lịch mở cửa đ&oacute;n du kh&aacute;ch như: Vườn hoa th&agrave;nh phố Đ&agrave; Lạt; c&aacute;c điểm du lịch Đường hầm đi&ecirc;u khắc; Thung lũng T&igrave;nh y&ecirc;u... Tuy nhi&ecirc;n, lượng kh&aacute;ch tham quan chỉ bằng 40 - 50% của đợt nghỉ lễ, nghỉ h&egrave; năm trước (2019)&hellip;</p>\r\n<p>Chị Vương Quỳnh Dương - chủ chuỗi nh&agrave; nghỉ homestay tại trung t&acirc;m th&agrave;nh phố Đ&agrave; Lạt cho biết, từ sau khi hết lệnh gi&atilde;n c&aacute;ch x&atilde; hội, khu nghỉ đ&atilde; mở cửa đ&oacute;n kh&aacute;ch nhưng lượng kh&aacute;ch kh&ocirc;ng đ&ocirc;ng, chủ yếu l&agrave; kh&aacute;ch nội địa, doanh thu giảm hẳn so với thời điểm n&agrave;y năm ngo&aacute;i, homestay cũng phải cắt giảm 50% nh&acirc;n vi&ecirc;n để giảm chi ph&iacute;&hellip;</p>\r\n<table style=\"width: 794.4px;\" border=\"0\" cellspacing=\"0\" cellpadding=\"0\">\r\n<tbody>\r\n<tr>\r\n<td><img style=\"width: 794.4px; height: auto;\" title=\"Du lịch nội địa t&aacute;i khởi động sau dịch Covid-19\" src=\"https://baoxaydung.com.vn/stores/news_dataimages/vananh/062020/29/17/in_article/2014_image003.jpg\" alt=\"du lich noi dia tai khoi dong sau dich covid 19\" border=\"0/\" /></td>\r\n</tr>\r\n<tr>\r\n<td>B&atilde;i biển ở Nha Trang với số lượng &iacute;t kh&aacute;ch du lịch, chủ yếu l&agrave; d&acirc;n địa phương xuống tắm.</td>\r\n</tr>\r\n</tbody>\r\n</table>\r\n<p><strong>Nhiều giải ph&aacute;p k&iacute;ch cầu du lịch</strong></p>\r\n<p>Để thu h&uacute;t kh&aacute;ch du lịch, c&aacute;c địa phương v&agrave; doanh nghiệp đ&atilde; v&agrave; đang thực hiện h&agrave;ng loạt chương tr&igrave;nh k&iacute;ch cầu lớn. Theo Sở Du lịch Kh&aacute;nh H&ograve;a, năm 2019, ng&agrave;nh Du lịch đ&oacute;n 7 triệu lượt du kh&aacute;ch. Tuy nhi&ecirc;n, ngay từ những th&aacute;ng đầu năm 2020, dịch bệnh Covid-19 đ&atilde; ảnh hưởng nặng nề đến hoạt động du lịch của địa phương. Hiện nay, t&igrave;nh h&igrave;nh dịch bệnh trong nước đ&atilde; cơ bản được khống chế, do đ&oacute; ng&agrave;nh Du lịch ph&aacute;t động chương tr&igrave;nh k&iacute;ch cầu du lịch với chủ đề &ldquo;Nha Trang biển gọi&rdquo; để kh&ocirc;i phục dần hoạt động du lịch, trước mắt l&agrave; thị trường kh&aacute;ch nội địa.</p>\r\n<p>Chương tr&igrave;nh k&iacute;ch cầu du lịch của ng&agrave;nh Du lịch Kh&aacute;nh H&ograve;a sẽ k&eacute;o d&agrave;i từ th&aacute;ng 6 đến hết năm 2020 với 3 th&ocirc;ng điệp: Việt Nam an to&agrave;n, Người Việt Nam đi du lịch Việt Nam v&agrave; Nha Trang biển gọi. T&iacute;nh đến thời điểm hiện tại, đ&atilde; c&oacute; 75 doanh nghiệp tham gia chương tr&igrave;nh k&iacute;ch cầu của ng&agrave;nh Du lịch tỉnh. C&aacute;c doanh nghiệp thống nhất mức giảm gi&aacute; từ 20 - 50%, đồng thời vẫn đảm bảo chất lượng dịch vụ, sản phẩm.</p>\r\n<p>Ng&agrave;nh Du lịch Kh&aacute;nh H&ograve;a đặt mục ti&ecirc;u kết th&uacute;c năm 2020 sẽ đ&oacute;n được 3,2 triệu lượt kh&aacute;ch; trong đ&oacute; c&oacute; hơn 1,5 triệu kh&aacute;ch quốc tế. Ng&agrave;nh đ&atilde; c&oacute; kế hoạch l&agrave;m việc với c&aacute;c h&atilde;ng h&agrave;ng kh&ocirc;ng để c&oacute; ch&iacute;nh s&aacute;ch ưu đ&atilde;i, giảm gi&aacute; khi kh&aacute;ch du lịch đến Kh&aacute;nh H&ograve;a.</p>\r\n<p>Tại Đ&agrave; Lạt, c&aacute;c đơn vị cung ứng dịch vụ - du lịch (ăn uống, lưu tr&uacute;, tham quan&hellip;) tr&ecirc;n địa b&agrave;n đ&atilde; c&oacute; những ch&iacute;nh s&aacute;ch về khuyến m&atilde;i k&iacute;ch cầu. Nhiều khu, điểm du lịch giảm gi&aacute; cho c&aacute;c đơn vị khai th&aacute;c kh&aacute;ch từ 30 đến 50% v&eacute; tham quan; nhiều chặng bay đến Đ&agrave; Lạt cũng giảm gi&aacute; từ 30 - 50%, đ&acirc;y l&agrave; dịp để c&aacute;c C&ocirc;ng ty lữ h&agrave;nh khai th&aacute;c tăng lượng du kh&aacute;ch.</p>\r\n<p>Ri&ecirc;ng đối với c&aacute;c h&atilde;ng h&agrave;ng kh&ocirc;ng, để c&oacute; thể k&iacute;ch cầu du lịch hậu dịch Covid-19, c&aacute;c h&atilde;ng bay cũng đang đồng loạt tung khuyến m&atilde;i, giảm gi&aacute; v&eacute; m&aacute;y bay, nhất l&agrave; đối với c&aacute;c chặng bay nội địa. Theo khảo s&aacute;t, mức gi&aacute; v&eacute; c&aacute;c chặng du lịch nội địa năm nay giảm mạnh từ 20% - 40% so với mọi năm.</p>\r\n<p>Đặt v&eacute; m&aacute;y bay khứ hồi cho bốn người lớn v&agrave; một trẻ nhỏ chặng H&agrave; Nội - Nha Trang với gi&aacute; hơn 01 triệu đồng, anh Nguyễn Th&aacute;i Linh - Linh Đ&agrave;m, H&agrave; Nội cho biết, đ&acirc;y l&agrave; lần đầu ti&ecirc;n anh thấy gi&aacute; vẻ giảm mạnh. Theo anh Linh, hằng năm, nếu muốn nhận được gi&aacute; rẻ cần &ldquo;săn&rdquo; v&eacute; trước nhiều th&aacute;ng, tuy nhi&ecirc;n cũng kh&ocirc;ng nhận được mức gi&aacute; ưu đ&atilde;i như b&acirc;y giờ. Thế n&ecirc;n, thời điểm n&agrave;y đi du lịch l&agrave; hợp l&yacute; bởi sẽ tiết kiệm được chi ph&iacute; m&agrave; vẫn c&oacute; được dịch vụ tốt, chất lượng&hellip;</p>\r\n<p>C&ograve;n anh Nguyễn Ho&agrave;ng Sơn - đại l&yacute; v&eacute; m&aacute;y bay (Thanh Xu&acirc;n, H&agrave; Nội) chia sẻ: Thời gian dịch hầu như kh&ocirc;ng c&oacute; kh&aacute;ch đặt v&eacute; đi du lịch. Khi dịch bệnh đ&atilde; dần được kiểm so&aacute;t, gần đ&acirc;y lượng kh&aacute;ch mua v&eacute; tăng l&ecirc;n mỗi ng&agrave;y. C&oacute; những chuyến đ&atilde; hết v&eacute; đặt đến v&agrave;i th&aacute;ng sau. Dự b&aacute;o sắp tới lượng kh&aacute;ch mua sẽ c&ograve;n tăng l&ecirc;n v&igrave; c&aacute;c h&atilde;ng h&agrave;ng kh&ocirc;ng đang t&iacute;ch cực giảm gi&aacute; để thu h&uacute;t kh&aacute;ch h&agrave;ng.</p>\r\n<p>B&ecirc;n cạnh việc giảm gi&aacute; v&eacute; m&aacute;y bay, c&aacute;c h&atilde;ng h&agrave;ng kh&ocirc;ng cũng t&iacute;ch cực kết hợp c&ugrave;ng c&aacute;c c&aacute;c c&ocirc;ng ty du lịch uy t&iacute;n để c&oacute; thể x&acirc;y dựng những tour du lịch hấp dẫn với gi&aacute; ưu đ&atilde;i theo combo v&eacute; m&aacute;y bay - kh&aacute;ch sạn.</p>\r\n<p>Theo đại diện chuỗi kh&aacute;ch sạn lớn tại Nha Trang, việc c&aacute;c h&atilde;ng h&agrave;ng kh&ocirc;ng giảm gi&aacute; v&eacute; m&aacute;y bay nội địa như hiện tại sẽ g&oacute;p phần th&uacute;c đẩy du lịch nội địa hồi phục nhanh hơn sau dịch, nhất l&agrave; khi m&ugrave;a du lịch h&egrave; đang tới gần, khi c&aacute;c chặng bay quốc tế vẫn chưa ấn định thời điểm quay trở lại.</p>\r\n<p>Tuy nhi&ecirc;n, c&aacute;c chuy&ecirc;n gia cho rằng, vẫn c&ograve;n cần một thời gian kh&aacute; d&agrave;i để ng&agrave;nh Du lịch v&agrave; c&aacute;c ng&agrave;nh li&ecirc;n quan c&oacute; thể phục hồi v&agrave; trở lại b&igrave;nh thường như trước dịch.</p>\r\n</div>\r\n</div>', 'cat02', 'https://photo-1-baomoi.zadn.vn/w300_r3x2/2020_06_22_119_35452610/1f6dc03e817d6823316c.jpg', NULL, NULL, NULL, NULL, 5, 1),
('000017', 'Từ ngày 9-7, chạy thêm nhiều đôi tàu phục vụ hành khách', '\r\n<header>\r\n<h2>Từ ng&agrave;y 9-7, chạy th&ecirc;m nhiều đ&ocirc;i t&agrave;u phục vụ h&agrave;nh kh&aacute;ch</h2>\r\n<p><img style=\"height: 254px; width: 380px; display: block; margin-left: auto; margin-right: auto;\" src=\"https://baokhanhhoa.vn/dataimages/201806//original/images5335729_images2495965_taulua.jpg\" alt=\"Từ ng&agrave;y 9-7, chạy th&ecirc;m nhiều đ&ocirc;i t&agrave;u phục vụ h&agrave;nh kh&aacute;ch\" /></p>\r\n<div>\r\n<div>\r\n<div>\r\n<p>L&atilde;nh đạo C&ocirc;ng ty Cổ phần Vận tải Đường sắt S&agrave;i G&ograve;n cho biết, từ ng&agrave;y 9-7, sẽ tổ chức chạy th&ecirc;m c&aacute;c đo&agrave;n t&agrave;u từ TP. Hồ Ch&iacute; Minh đến Phan Thiết, Nha Trang, Quy Nhơn, H&agrave; Nội v&agrave; ngược lại nhằm đ&aacute;p ứng nhu cầu h&agrave;nh kh&aacute;ch.</p>\r\n<p>Cụ thể, tuyến TP. Hồ Ch&iacute; Minh - Phan Thiết chạy th&ecirc;m đ&ocirc;i t&agrave;u SPT3/SPT4 v&agrave; tuyến TP. Hồ Ch&iacute; Minh - Nha Trang chạy th&ecirc;m đ&ocirc;i t&agrave;u SNT3/SNT4/SNT5 v&agrave;o c&aacute;c ng&agrave;y cuối tuần; tuyến TP. Hồ Ch&iacute; Minh - H&agrave; Nội chạy th&ecirc;m đ&ocirc;i t&agrave;u SE9/SE10. Thời gian chạy c&aacute;c đ&ocirc;i t&agrave;u n&agrave;y bắt đầu từ ng&agrave;y 9-7 đến 31-8. Đối với tuyến TP. Hồ Ch&iacute; Minh - Quy Nhơn chạy h&agrave;ng ng&agrave;y đ&ocirc;i t&agrave;u SQN1/SQN2, từ ng&agrave;y 9-7 đến 30-8. Ngo&agrave;i ra, nếu nhu cầu của h&agrave;nh kh&aacute;ch tăng cao, c&ocirc;ng ty sẽ tổ chức chạy th&ecirc;m t&agrave;u để phục vụ kh&aacute;ch h&agrave;ng; đối với tập thể c&oacute; số lượng lớn c&ocirc;ng ty sẽ lập t&agrave;u theo y&ecirc;u cầu về thời gian đi đến v&agrave; gi&aacute; cả thỏa thuận.</p>\r\n<p>C&ugrave;ng với chạy th&ecirc;m t&agrave;u, c&ocirc;ng ty c&ograve;n &aacute;p dụng chương tr&igrave;nh giảm gi&aacute; xa ng&agrave;y, khi h&agrave;nh kh&aacute;ch mua v&eacute; trước ng&agrave;y đi t&agrave;u từ 20 ng&agrave;y trở l&ecirc;n được giảm từ 20% đến 40% gi&aacute; v&eacute; (t&agrave;u SPT1/SPT2 h&agrave;nh kh&aacute;ch mua v&eacute; trước 10 ng&agrave;y đi t&agrave;u trở l&ecirc;n được giảm 10% gi&aacute; v&eacute;); h&agrave;nh kh&aacute;ch mua v&eacute; tập thể từ 5 người trở l&ecirc;n được giảm từ 2% đến 14% gi&aacute; v&eacute;; h&agrave;nh kh&aacute;ch mua v&eacute; khứ hồi được giảm từ 7% đến 10% gi&aacute; v&eacute; lượt về. Ngo&agrave;i ra, c&ocirc;ng ty vẫn &aacute;p dụng giảm gi&aacute; cho c&aacute;c đối tượng ch&iacute;nh s&aacute;ch x&atilde; hội, sinh vi&ecirc;n, đo&agrave;n vi&ecirc;n c&ocirc;ng đo&agrave;n, c&aacute;c đơn vị lữ h&agrave;nh đăng k&yacute; chương tr&igrave;nh k&iacute;ch cầu du dịch năm 2020.</p>\r\n</div>\r\n</div>\r\n</div>\r\n</header>', 'cat02', 'https://photo-1-baomoi.zadn.vn/w300_r3x2/2020_07_03_435_35575179/860b064ec80b2155781a.jpg', NULL, NULL, NULL, NULL, 5, 1),
('000018', 'Vịnh Hạ Long vào danh sách 50 kỳ quan thiên nhiên đẹp nhất thế giới', '\r\n<header><header>\r\n<h1>Vịnh Hạ Long v&agrave;o danh s&aacute;ch 50 kỳ quan thi&ecirc;n nhi&ecirc;n đẹp nhất thế giới</h1>\r\n</header>\r\n<section>\r\n<p>Mới đ&acirc;y, tạp ch&iacute; Insider (Mỹ) đ&atilde; b&igrave;nh chọn 50 kỳ quan thi&ecirc;n nhi&ecirc;n đẹp nhất thế giới, trong đ&oacute; c&oacute; vịnh Hạ Long (Quảng Ninh) của Việt Nam.</p>\r\n<div>\r\n<table style=\"width: 498px; height: 471px;\" align=\"center\">\r\n<tbody>\r\n<tr style=\"width: 960px;\">\r\n<td style=\"width: 483.2px;\">\r\n<div><img style=\"height: 266px; width: 400px; display: block; margin-left: auto; margin-right: auto;\" title=\"null\" src=\"https://znews-photo.zadn.vn/w1024/Uploaded/neg_esfjaex/2020_07_03/lang_chai_ba_hangg_2_1_.jpeg\" data-title=\"null\" data-bind-event=\"true\" /></div>\r\n</td>\r\n</tr>\r\n<tr style=\"width: 960px;\">\r\n<td style=\"width: 483.2px;\">\r\n<p>Trong lời giới thiệu về&nbsp;<strong>vịnh Hạ Long</strong>&nbsp;(Quảng Ninh),&nbsp;<em>Insider</em>&nbsp;nhận x&eacute;t đ&acirc;y l&agrave; một trong địa điểm du lịch số một ở Việt Nam. T&ecirc;n gọi Hạ Long bắt nguồn từ truyền thuyết về vị tr&iacute; rồng đ&aacute;p xuống che chở cho đất nước. Tới đ&acirc;y, bạn kh&ocirc;ng chỉ được chi&ecirc;m ngưỡng cảnh sắc đẹp m&agrave; c&ograve;n c&oacute; thể tham gia nhiều trải nghiệm đ&aacute;ng nhớ như ch&egrave;o thuyền kayak, ngồi trực thăm ngắm to&agrave;n cảnh vịnh... Bất kể m&ugrave;a n&agrave;o trong năm, nơi đ&acirc;y đều chinh phục du kh&aacute;ch bởi vẻ đẹp ngỡ ng&agrave;ng. Ảnh:&nbsp;<em>Nguyễn Quang Ngọc.</em></p>\r\n</td>\r\n</tr>\r\n</tbody>\r\n</table>\r\n<table style=\"width: 489px; height: 560px;\" align=\"center\">\r\n<tbody>\r\n<tr style=\"width: 960px; text-align: left;\">\r\n<td style=\"width: 474.4px;\">\r\n<div><img style=\"height: 250px; width: 400px; display: block; margin-left: auto; margin-right: auto;\" src=\"https://znews-photo.zadn.vn/w1440/Uploaded/neg_esfjaex/2020_07_03/2.jpg\" data-bind-event=\"true\" /></div>\r\n</td>\r\n</tr>\r\n<tr style=\"width: 960px;\">\r\n<td style=\"width: 474.4px;\">\r\n<p style=\"text-align: center;\">Đứng đầu danh s&aacute;ch 50 kỳ quan thi&ecirc;n nhi&ecirc;n đẹp nhất thế giới do&nbsp;<em>Insider</em>&nbsp;b&igrave;nh chọn l&agrave; d&ograve;ng s&ocirc;ng&nbsp;<strong>Cano Cristales</strong>&nbsp;(Colombia, Nam Mỹ). Nơi đ&acirc;y được mệnh danh với nhiều t&ecirc;n gọi kh&aacute;c nhau như \"d&ograve;ng s&ocirc;ng ngũ sắc\", \"cầu vồng nước\"... Phần lớn thời gian trong năm, vẻ ngo&agrave;i của Cano Cristales cũng như những con s&ocirc;ng kh&aacute;c tr&ecirc;n thế giới. Nhưng từ th&aacute;ng 7-11 h&agrave;ng năm, d&ograve;ng s&ocirc;ng đ&oacute;n nhận m&oacute;n qu&agrave; kỳ diệu từ mẹ thi&ecirc;n nhi&ecirc;n ban tặng khi \"b&ugrave;ng nổ\" m&agrave;u sắc rực rỡ. Sắc xanh của d&ograve;ng s&ocirc;ng sẽ chuyển th&agrave;nh nhiều m&agrave;u khắc nhau. Đ&acirc;y l&agrave; kết quả của qu&aacute; tr&igrave;nh sinh sản macarenia clavigera, một lo&agrave;i thủy sinh thuộc họ r&ograve;ng podostemaceae tr&ecirc;n s&ocirc;ng. Ảnh:&nbsp;<em>Medellin Guru.</em></p>\r\n</td>\r\n</tr>\r\n</tbody>\r\n</table>\r\n<table style=\"width: 511px; height: 472px;\" align=\"center\">\r\n<tbody>\r\n<tr style=\"width: 960px;\">\r\n<td style=\"width: 496px;\">\r\n<div><img style=\"height: 302px; width: 402px; display: block; margin-left: auto; margin-right: auto;\" title=\"Vịnh Hạ Long kỳ quan thi&ecirc;n nhi&ecirc;n thế giới ảnh 1\" src=\"https://znews-photo.zadn.vn/w1440/Uploaded/neg_esfjaex/2020_07_03/Tourism_Western_Australia.jpeg\" alt=\"Vinh Ha Long ky quan thien nhien the gioi anh 1\" width=\"1024\" height=\"768\" data-bind-event=\"true\" /></div>\r\n</td>\r\n</tr>\r\n<tr style=\"width: 960px;\">\r\n<td style=\"width: 496px;\">\r\n<p style=\"text-align: center;\"><strong>Hồ Hillier&nbsp;</strong>(T&acirc;y Australia) ấn tượng du kh&aacute;ch bởi m&agrave;u hồng kh&aacute;c lạ v&agrave; độc đ&aacute;o. Giới khoa học cho rằng m&agrave;u hồng của nước được tạo th&agrave;nh do phản ứng h&oacute;a học hoặc đến từ c&aacute;c loại tảo đơn b&agrave;o mang sắc tố đỏ, hồng.&nbsp;<em>Insider</em>&nbsp;khuy&ecirc;n du kh&aacute;ch chỉ n&ecirc;n ngắm hồ nước từ xa bằng trục thăng. Ảnh:&nbsp;<em>Tourism Western Australia.</em></p>\r\n</td>\r\n</tr>\r\n</tbody>\r\n</table>\r\n<table style=\"width: 509px; height: 551px;\" align=\"center\">\r\n<tbody>\r\n<tr style=\"width: 960px;\">\r\n<td style=\"width: 494.4px;\">\r\n<div><img style=\"height: 302px; width: 402px; display: block; margin-left: auto; margin-right: auto;\" src=\"https://znews-photo.zadn.vn/w1440/Uploaded/neg_esfjaex/2020_07_03/2_2.jpg\" data-bind-event=\"true\" /></div>\r\n</td>\r\n</tr>\r\n<tr style=\"width: 960px;\">\r\n<td style=\"width: 494.4px;\">\r\n<p style=\"text-align: center;\"><strong>Hẻm n&uacute;i</strong>&nbsp;<strong>Antelope Canyon</strong>&nbsp;(Arizona, Mỹ) cũng được&nbsp;<em>Insider</em>&nbsp;b&igrave;nh chọn v&agrave;o danh s&aacute;ch 50 kỳ quan thi&ecirc;n nhi&ecirc;n đẹp nhất thế giới. Nơi đ&acirc;y được h&igrave;nh th&agrave;nh từ sự chuyển động của nước tr&ecirc;n đ&aacute; trong thời gian d&agrave;i, g&acirc;y ra sự phong h&oacute;a v&agrave; x&oacute;i m&ograve;n. Đ&acirc;y c&oacute; thể coi l&agrave; một sản phẩm \"đi&ecirc;u khắc\" tuyệt đẹp của thi&ecirc;n nhi&ecirc;n, với m&agrave;u sắc thay đổi v&ocirc; c&ugrave;ng ảo diệu t&ugrave;y theo g&oacute;c độ của &aacute;nh s&aacute;ng mặt trời. Ảnh:&nbsp;<em>Getty.</em></p>\r\n</td>\r\n</tr>\r\n</tbody>\r\n</table>\r\n<div id=\"advMiddle1\">\r\n<div id=\"adtima-zone-2782058279008172787\">\r\n<div id=\"adtimaDivWrapper_2782058279008172787\"><center>\r\n<div id=\"div-gpt-ad-1234567890610-12\" data-google-query-id=\"CIWW75LVseoCFc5aYAodpnoGQg\">\r\n<div id=\"google_ads_iframe_/6973676/News.zing.vn/news.mastheadinline_0__container__\"></div>\r\n</div>\r\n</center></div>\r\n</div>\r\n</div>\r\n<table style=\"width: 527px; height: 432px;\" align=\"center\">\r\n<tbody>\r\n<tr style=\"width: 960px;\">\r\n<td style=\"width: 512px; text-align: center;\">\r\n<div><img style=\"height: 304px; width: 402px;\" title=\"Vịnh Hạ Long kỳ quan thi&ecirc;n nhi&ecirc;n thế giới ảnh 2\" src=\"https://znews-photo.zadn.vn/w1440/Uploaded/neg_esfjaex/2020_07_03/Neil_Howard_skogafoss.jpg\" alt=\"Vinh Ha Long ky quan thien nhien the gioi anh 2\" width=\"1024\" height=\"773\" data-title=\"Vịnh Hạ Long kỳ quan thi&ecirc;n nhi&ecirc;n thế giới ảnh 2\" data-bind-event=\"true\" /></div>\r\n</td>\r\n</tr>\r\n<tr style=\"width: 960px;\">\r\n<td style=\"width: 512px; text-align: center;\">\r\n<p><strong>Th&aacute;c&nbsp;</strong><strong>Skogafoss</strong>&nbsp;(Iceland) khổng lồ rộng 25 m v&agrave; s&acirc;u 60 m. Do lượng phun m&agrave; th&aacute;c li&ecirc;n tục tạo ra, cầu vồng đơn hoặc đ&ocirc;i thường xuất hiện ngay khi mặt trời l&oacute; rạng. Du kh&aacute;ch đến Skogafoss c&oacute; thể nh&igrave;n thấy th&aacute;c từ xa v&agrave; gần, thỏa sức chi&ecirc;m ngưỡng khung cảnh h&ugrave;ng vĩ ở mọi g&oacute;c độ. Ảnh:&nbsp;<em>Neil Howard.</em></p>\r\n</td>\r\n</tr>\r\n</tbody>\r\n</table>\r\n<table style=\"width: 524px; height: 429px;\" align=\"center\">\r\n<tbody>\r\n<tr style=\"width: 960px;\">\r\n<td style=\"width: 509.6px; text-align: center;\">\r\n<div><img style=\"height: 268px; width: 401px;\" title=\"Vịnh Hạ Long kỳ quan thi&ecirc;n nhi&ecirc;n thế giới ảnh 3\" src=\"https://znews-photo.zadn.vn/w1440/Uploaded/neg_esfjaex/2020_07_03/Micheal.jpg\" alt=\"Vinh Ha Long ky quan thien nhien the gioi anh 3\" width=\"1024\" height=\"683\" data-title=\"Vịnh Hạ Long kỳ quan thi&ecirc;n nhi&ecirc;n thế giới ảnh 3\" data-bind-event=\"true\" /></div>\r\n</td>\r\n</tr>\r\n<tr style=\"width: 960px;\">\r\n<td style=\"width: 509.6px; text-align: center;\">\r\n<p>Ngo&agrave;i những địa điểm tr&ecirc;n, danh s&aacute;ch b&igrave;nh chọn 50 kỳ quan thi&ecirc;n nhi&ecirc;n đẹp nhất thế giới xuất hiện nhiều chốn dừng ch&acirc;n nổi tiếng thuộc ch&acirc;u &Aacute; như Trung Quốc, Philippines, Nhật Bản, Indonesia, H&agrave;n Quốc... Ảnh:&nbsp;<em>Micheal.</em></p>\r\n</td>\r\n</tr>\r\n</tbody>\r\n</table>\r\n</div>\r\n</section>\r\n</header>', 'cat02', 'https://photo-1-baomoi.zadn.vn/w300_r3x2/2020_07_03_119_35574543/71af0f09ba4a53140a5b.jpg', NULL, NULL, NULL, NULL, 4, 1);
INSERT INTO `posts` (`postsID`, `title`, `content`, `catID`, `small_avatar`, `big_avatar`, `writer`, `approver`, `date`, `views`, `status`) VALUES
('000019', 'TP.HCM và đồng bằng sông Cửu Long cùng kích cầu du lịch', '\r\n<header><header>\r\n<h1>TP.HCM v&agrave; đồng bằng s&ocirc;ng Cửu Long c&ugrave;ng k&iacute;ch cầu du lịch</h1>\r\n<div>\r\n<div>&nbsp;</div>\r\n<div>\r\n<div>Ng&agrave;y 3/7, tại Cần Thơ diễn ra lễ khai mạc Ng&agrave;y hội k&iacute;ch cầu du lịch TP.HCM v&agrave; Đồng bằng s&ocirc;ng Cửu Long; sự kiện thu h&uacute;t 14 tỉnh, th&agrave;nh c&ugrave;ng 11 đơn vị kinh doanh, dịch vụ lữ h&agrave;nh du lịch tham gia.</div>\r\n<div>&nbsp;</div>\r\n<div>\r\n<p>Đ&acirc;y l&agrave; một trong những hoạt động nằm trong chuỗi sự kiện sơ kết thỏa thuận li&ecirc;n kết hợp t&aacute;c ph&aacute;t triển du lịch giữa TP.HCM v&agrave; c&aacute;c tỉnh Đồng bằng s&ocirc;ng Cửu Long (ĐBSCL).&nbsp;</p>\r\n<p>Sự kiện diễn ra trong 2 ng&agrave;y (3 - 4/7) với sự tham gia&nbsp;của 14 tỉnh, th&agrave;nh c&ugrave;ng 11 đơn vị kinh doanh, dịch vụ, lữ h&agrave;nh du lịch.</p>\r\n<p><img style=\"width: 381px; height: 254px; display: block; margin-left: auto; margin-right: auto;\" title=\"TP.HCM v&agrave; đồng bằng s&ocirc;ng Cửu Long c&ugrave;ng k&iacute;ch cầu du lịch\" src=\"https://thoidai.com.vn/stores/news_dataimages/nhi.tran/072020/03/14/0216_IMG_4314.jpg?rt=20200703213617\" alt=\"tphcm va dong bang song cuu long cung kich cau du lich\" border=\"0\" data-pagespeed-url-hash=\"20230770\" data-src=\"https://thoidai.com.vn/stores/news_dataimages/nhi.tran/072020/03/14/0216_IMG_4314.jpg?rt=20200703213617\" /></p>\r\n<p>Ph&aacute;t biểu tại lễ khai mạc, &ocirc;ng Dương Tấn Hiển - Ph&oacute; Chủ tịch UBND TP Cần Thơ cho biết, ĐBSCL được đ&aacute;nh gi&aacute; l&agrave; khu vực c&oacute; tiềm năng du lịch đa dạng, với nhiều loại h&igrave;nh du lịch;&nbsp;đặc điểm s&ocirc;ng ng&ograve;i chằng chịt c&ugrave;ng với những dải c&ugrave; lao xanh m&aacute;t, hệ sinh th&aacute;i đa dạng, sản vật địa phương phong ph&uacute;, đặc sắc ch&iacute;nh l&agrave; lợi thế lớn v&agrave; độc đ&aacute;o của v&ugrave;ng.</p>\r\n<p>&Ocirc;ng Hiển chia sẻ, nếu du kh&aacute;ch muốn kh&aacute;m ph&aacute; du lịch miệt vườn, du kh&aacute;ch đến tham quan vườn c&acirc;y trĩu quả ở Tiền Giang, Bến Tre, Vĩnh Long, Đồng Th&aacute;p, Cần Thơ; đến với Ki&ecirc;n Giang, Bạc Li&ecirc;u, C&agrave; Mau du kh&aacute;ch c&oacute; thể trải nghiệm th&uacute; vị về biển đảo; hoặc đến An Giang, S&oacute;c Trăng, Tr&agrave; Vinh du kh&aacute;ch c&oacute; cơ hội t&igrave;m hiểu những di t&iacute;ch lịch sử, thưởng thức ẩm thực phong ph&uacute; v&agrave; tham gia nhiều lễ hội d&acirc;n gian.</p>\r\n<p>Nếu ĐBSCL c&oacute; lợi thế về sản phẩm du lịch sinh th&aacute;i, trải nghiệm hấp dẫn th&igrave; sản phẩm du lịch chủ lực của TP.HCM l&agrave; du lịch mua sắm, ẩm thực, thể thao, vui chơi giải tr&iacute; v&agrave; văn h&oacute;a cộng đồng đ&ocirc; thị, &ocirc;ng Hiển n&oacute;i.</p>\r\n<p><img style=\"width: 383px; height: 255px; display: block; margin-left: auto; margin-right: auto;\" title=\"TP.HCM v&agrave; đồng bằng s&ocirc;ng Cửu Long c&ugrave;ng k&iacute;ch cầu du lịch\" src=\"https://thoidai.com.vn/stores/news_dataimages/nhi.tran/072020/03/14/0212_IMG_4396.jpg?rt=20200703213617\" alt=\"tphcm va dong bang song cuu long cung kich cau du lich\" border=\"0\" data-pagespeed-url-hash=\"20230770\" data-src=\"https://thoidai.com.vn/stores/news_dataimages/nhi.tran/072020/03/14/0212_IMG_4396.jpg?rt=20200703213617\" /></p>\r\n<p>&Ocirc;ng Hiển cho rằng sự kiện, li&ecirc;n kết giữa TP.HCM v&agrave; c&aacute;c tỉnh th&agrave;nh ĐBSCL trong thời gian qua ph&aacute;t huy lợi thế của nhau, gi&uacute;p mở rộng thị trường, thị phần kh&aacute;ch dễ d&agrave;ng hơn. Trong bối cảnh chưa thể mở rộng du lịch với thế giới do ảnh hưởng của dịch Covid-19, việc th&uacute;c đẩy ph&aacute;t triển du lịch trong nước được xem l&agrave; giải ph&aacute;p duy nhất để từng bước kh&ocirc;i phục du lịch.</p>\r\n<p>Ng&agrave;y hội k&iacute;ch cầu du lịch n&agrave;y sẽ diễn ra nhiều hoạt động, như trưng b&agrave;y, quảng b&aacute; giới thiệu sản phẩm dịch vụ du lịch mới, c&aacute;c điểm đến an to&agrave;n của TP.HCM v&agrave; 13 tỉnh, th&agrave;nh ĐBSCL; giới thiệu c&aacute;c g&oacute;i sản phẩm k&iacute;ch cầu của c&aacute;c đơn vị kinh doanh du lịch, lữ h&agrave;nh, nh&agrave; h&agrave;ng, kh&aacute;ch sạn, điểm&nbsp;du lịch; giới thiệu c&aacute;c đường bay mới,&nbsp;ch&iacute;nh s&aacute;ch khuyến m&atilde;i, giảm gi&aacute; của c&aacute;c h&atilde;ng h&agrave;ng kh&ocirc;ng...</p>\r\n<p>Ng&agrave;y hội c&ograve;n c&oacute; hoạt động mua b&aacute;n sản phẩm, dịch vụ du lịch trực tiếp với kh&aacute;ch tham quan tại gian h&agrave;ng ng&agrave;y hội, với nhiều ưu đ&atilde;i, giảm gi&aacute; từ 10% - 60%.</p>\r\n<p><img style=\"width: 379px; height: 198px; display: block; margin-left: auto; margin-right: auto;\" title=\"TP.HCM v&agrave; đồng bằng s&ocirc;ng Cửu Long c&ugrave;ng k&iacute;ch cầu du lịch\" src=\"https://thoidai.com.vn/stores/news_dataimages/nhi.tran/072020/03/14/0208_feffc6c01d4ae014b95b.jpg?rt=20200703213617\" alt=\"tphcm va dong bang song cuu long cung kich cau du lich\" border=\"0\" data-pagespeed-url-hash=\"20230770\" data-src=\"https://thoidai.com.vn/stores/news_dataimages/nhi.tran/072020/03/14/0208_feffc6c01d4ae014b95b.jpg?rt=20200703213617\" /> C&ugrave;ng ng&agrave;y, tại Cần Thơ ch&iacute;nh thức diễn ra lễ Khai mạc Tuần Lễ Th&aacute;i Lan 2020. Sự kiện do Cục X&uacute;c tiến Thương mại Quốc tế, Bộ Thương mại Ho&agrave;ng gia Th&aacute;i Lan - Thương Vụ Đại sứ qu&aacute;n Th&aacute;i Lan tại TP. Hồ Ch&iacute; Minh phối hợp c&ugrave;ng C&ocirc;ng ty Vinexad tổ chức diễn ra từ nay đến 5/7.</p>\r\n<p>Với mục đ&iacute;ch giới thiệu c&aacute;c sản phẩm chất lượng của Th&aacute;i Lan tới người ti&ecirc;u d&ugrave;ng tại TP. Cần Thơ v&agrave; khu vực Đồng bằng s&ocirc;ng Cửu Long, Tuần Lễ Th&aacute;i Lan tại TP. Cần Thơ năm nay tập trung c&aacute;c giới thiệu sản phẩm nổi bật trong nhiều ng&agrave;nh c&ocirc;ng nghiệp như thời trang v&agrave; phụ kiện, sản phẩm d&agrave;nh cho trẻ em, sản phẩm chăm s&oacute;c sức khỏe v&agrave; sắc đẹp, thực phẩm v&agrave; đồ uống, thiết bị nh&agrave; bếp v&agrave; đồ gia dụng. B&ecirc;n cạnh đ&oacute;, tại đ&acirc;y c&ograve;n quy tụ c&aacute;c sản phẩm từ khối dịch vụ như du lịch, h&agrave;ng kh&ocirc;ng v&agrave; nh&agrave; h&agrave;ng...</p>\r\n</div>\r\n</div>\r\n</div>\r\n</header>\r\n<section></section>\r\n</header>', 'cat02', 'https://photo-1-baomoi.zadn.vn/w300_r3x2/2020_07_03_541_35574765/83e6e1475404bd5ae415.jpg', NULL, NULL, NULL, NULL, 4, 1),
('000020', 'Những địa điểm không thể bỏ qua khi đến Quảng Bình', '\r\n<header><header>\r\n<div>\r\n<h1>[Infographics] Những địa điểm kh&ocirc;ng thể bỏ qua khi đến Quảng B&igrave;nh</h1>\r\n<div>&nbsp;</div>\r\n</div>\r\n<h2>Kh&ocirc;ng chỉ nổi tiếng bởi c&aacute;c hang động kỳ vĩ ở Vườn quốc gia Phong Nha Kẻ B&agrave;ng, Quảng B&igrave;nh c&ograve;n c&oacute; c&aacute;c b&atilde;i biển hoang sơ như biển Nhật Lệ, biển Đ&aacute; Nhảy, biển Bảo Ninh...</h2>\r\n<div>\r\n<figure><img style=\"display: block; margin-left: auto; margin-right: auto;\" src=\"http://static.tapchitaichinh.vn/w800/images/upload/buituananh/07032020/infographics_du_lich_quang_binh_1.jpg\" alt=\"[Infographics] Những địa điểm kh&ocirc;ng thể bỏ qua khi đến Quảng B&igrave;nh - Ảnh 1\" width=\"700\" height=\"1607\" data-original=\"http://static.tapchitaichinh.vn/images/upload/buituananh/07032020/infographics_du_lich_quang_binh_1.jpg\" />\r\n<figcaption></figcaption>\r\n</figure>\r\n</div>\r\n<p>&nbsp;</p>\r\n</header>\r\n<section></section>\r\n</header>', 'cat02', 'https://photo-1-baomoi.zadn.vn/w300_r3x2/2020_07_03_241_35573591/30484d98f8db118548ca.jpg', NULL, NULL, NULL, NULL, 4, 1),
('000021', 'Liên hoan nghệ thuật sân khấu toàn quốc về \'Hình tượng người chiến sĩ Công an nhân dân', 'Liên hoan nghệ thuật sân khấu toàn quốc về “Hình tượng người chiến sĩ Công an nhân dân”\r\nLiên hoan nghệ thuật sân khấu toàn quốc về “Hình tượng người chiến sĩ Công an nhân dân” lần 4 năm 2020 do Bộ Công an chủ trì phối hợp với Bộ VH-TT-DL và Hội Nghệ sĩ sân khấu Việt Nam tổ chức sẽ diễn ra từ ngày 16-7 đến 4-8 tại Trung tâm Nghệ thuật Âu Cơ (số 8 Huỳnh Thúc Kháng, Hà Nội). \r\n \r\nLiên hoan năm nay thu hút 27 đoàn nghệ thuật (công lập và ngoài công lập) trên cả nước tham gia sôi nổi với 35 vở diễn, được đầu tư dàn dựng theo nhiều thể loại: chèo, cải lương, dân ca kịch, kịch nói… Nội dung ca ngợi truyền thống xây dựng, chiến đấu, trưởng thành của lực lượng Công an nhân dân, ca ngợi người chiến sĩ công an trong bảo vệ an ninh quốc gia, giữ gìn trật tự an toàn xã hội. Trong đó, có khoảng 10 kịch bản mới ra đời từ trại sáng tác kịch bản sân khấu về đề tài Vì an ninh Tổ quốc và bình yên cuộc sống lần thứ 2-2019.\r\n\r\nRiêng TPHCM, có 6 vở của các đơn vị nghệ thuật công lập và xã hội hóa tham gia liên hoan năm nay: Nhân danh công lý (Nhà hát Cải lương Trần Hữu Trang); Lằn ranh (Nhà hát Kịch TPHCM); Đóa sen Việt (Trường Đại học Sân khấu - Điện ảnh TPHCM); Người thứ 13 (Trường Đại học Sân khấu - Điện ảnh TPHCM); Búp bê không biết khóc (Công ty TNHH Giải trí Hero Film); Ai ngoại phạm (Sân khấu kịch Trịnh Kim Chi).\r\n\r\nCác vở diễn được các đơn vị chăm chút đầu tư cẩn thận, tỉ mỉ, với mong muốn sẽ góp phần đem lại những sắc màu sân khấu nghệ thuật phía Nam tươi mới, nhiều cung bậc cảm xúc, hấp dẫn tại liên hoan.', 'cat02', 'https://photo-1-baomoi.zadn.vn/w300_r3x2/2020_07_03_17_35573189/15262af89fbb76e52faa.jpg', NULL, NULL, NULL, NULL, 2, 1),
('000022', 'Lặng yên nghe sen tàn', '\r\n<header><header><header>\r\n<h1>Lặng y&ecirc;n nghe sen t&agrave;n</h1>\r\n<div>\r\n<div>\r\n<div>\r\n<p><strong>(HNMCT) - Những ảnh h&igrave;nh mở ra kh&ocirc;ng gian, kh&ocirc;ng gian đưa ta v&agrave;o sự v&ocirc; c&ugrave;ng v&ocirc; tận của cảm x&uacute;c v&agrave; tưởng tượng. Đ&oacute; l&agrave; điều ta thấy được khi đọc thi tập&nbsp;<em>Lặng y&ecirc;n nghe sen</em>&nbsp;<em>t&agrave;n&nbsp;</em>của nh&agrave; thơ xứ Huế Trần Tịnh Y&ecirc;n.</strong></p>\r\n<p><em>Lặng y&ecirc;n nghe sen</em>&nbsp;<em>t&agrave;n&nbsp;</em>như thể được khởi thủy bằng &yacute; niệm. Sự tinh lặng l&agrave; th&agrave;nh quả sau những cồn c&agrave;o, va đập, đứt nối, nứt vỡ m&agrave; nh&agrave; thơ đ&atilde; trải qua trong thể nghiệm của người s&aacute;ng tạo: &ldquo;Trong sự quyến rũ của m&ugrave;a h&egrave; đang rạn nứt/ những hương sen rộn r&atilde;/ rụng xuống/ vũng im l&igrave;m&rdquo;.</p>\r\n<p>&nbsp;</p>\r\n<div>\r\n<div><img style=\"width: 322px; display: block; margin-left: auto; margin-right: auto;\" src=\"http://hanoimoi.com.vn/Uploads/images/anhthu/2020/07/02/nv1.jpg\" height=\"434\" /></div>\r\n</div>\r\n<p>&nbsp;</p>\r\n<p>Sự độc đ&aacute;o của Trần Tịnh Y&ecirc;n đưa ta trở về với những h&igrave;nh dung th&acirc;n thuộc: &ldquo;Một đ&ecirc;m vỡ &ograve;a s&ecirc;nh ph&aacute;ch/ c&oacute; b&agrave;n ch&acirc;n bước về từ tro nấm hương/ thức trong nguồn mạch n&uacute;i non/ nghe giao m&ugrave;a t&agrave;n dần tr&ecirc;n nếp &aacute;o&rdquo;. Phải chăng thơ &ocirc;ng đang cho ta hồi cố về một điều g&igrave; đ&atilde; l&atilde;ng qu&ecirc;n, đ&atilde; vuột mất; ch&iacute;nh x&aacute;c hơn l&agrave; thơ Trần Tịnh Y&ecirc;n đ&aacute;nh thức v&ugrave;ng tiềm thức của mỗi người bằng ng&ocirc;n từ gi&agrave;u li&ecirc;n tưởng. &ldquo;Một ng&agrave;y c&oacute; m&ugrave;i l&aacute; h&eacute;o rất buồn/ giữa r&igrave; r&agrave;o &acirc;m tiết/ t&ocirc;i bay chuyến cuối c&ugrave;ng qua k&yacute; ức của em&rdquo;.</p>\r\n<p>Sự mới lạ kh&ocirc;ng đến từ kỹ thuật của ng&ocirc;n từ, m&agrave; đến từ tư - duy - thơ. Thơ ca Việt Nam đương đại, khi sự c&aacute;ch t&acirc;n c&ograve;n đang đem đến nhiều hiểu lầm, tranh c&atilde;i th&igrave; Trần Tịnh Y&ecirc;n lặng lẽ c&aacute;ch t&acirc;n m&igrave;nh, c&aacute;ch t&acirc;n bạn đọc bằng ch&iacute;nh sự mới lạ từ tư duy viết, để rồi thơ xuất hiện như lời th&igrave; thầm từ v&ocirc; thức thẳm s&acirc;u: &ldquo;Cắm một c&agrave;nh thủy c&uacute;c v&agrave;o ng&agrave;y xanh thẳm/ con thuyền m&agrave;u hoa ngọc lan lặng lẽ chạm v&agrave;o vĩnh cửu/ nằm mơ kh&oacute;i vỡ dưới cầu&rdquo;.</p>\r\n<p>Sau tất cả, thơ n&ecirc;n l&agrave; sự thấu suốt, lay động trong mỗi người. Sau những lớp ng&ocirc;n từ v&agrave; h&igrave;nh thức biểu hiện, thơ c&ograve;n lại g&igrave;? Dĩ nhi&ecirc;n ta chẳng n&ecirc;n b&oacute;c t&aacute;ch kh&aacute;i niệm khi m&agrave; thơ l&agrave; sự tổng h&ograve;a của rất nhiều yếu tố. Nhưng sau ch&oacute;t, c&aacute;i ta mong mỏi vẫn l&agrave; điều g&igrave; đ&oacute; cảm nhận được qua thơ? &ldquo;Về nằm nghi&ecirc;ng chờ mưa/ nghe kh&uacute;c h&aacute;t ru của gi&oacute; đ&ecirc;m/ linh hồn t&ocirc;i quay trở về/ rạn nứt như men gốm&rdquo;.</p>\r\n<p>Đọc Trần Tịnh Y&ecirc;n, ta c&oacute; thể qu&ecirc;n đi &ocirc;ng đang viết g&igrave;, đề t&agrave;i đ&atilde; kh&ocirc;ng c&ograve;n l&agrave; điều quan trọng hay vướng bận. Nh&agrave; thơ dẫn dụ người đọc theo hướng m&agrave; &ocirc;ng gợi mở v&agrave; đi đến tận c&ugrave;ng: &ldquo;Chiều nay/ chim ngừng h&oacute;t trong thơ t&ocirc;i/ tr&ecirc;n s&acirc;n ga tr&aacute;i m&ugrave;a/ ai đ&oacute; vừa l&igrave;a bỏ một m&ugrave;i hương&rdquo;.</p>\r\n<p>Kh&ocirc;ng gian n&agrave;y mở ra kh&ocirc;ng gian kh&aacute;c, đi trong c&otilde;i thơ Trần Tịnh Y&ecirc;n l&agrave; đi theo cảm x&uacute;c v&agrave; li&ecirc;n tưởng. Nh&agrave; thơ, bằng những b&agrave;i thơ của m&igrave;nh, kh&ocirc;ng th&ocirc;i nhắc ta về c&aacute;ch đọc. Đọc thơ chẳng n&ecirc;n l&agrave; c&aacute;ch đọc - hiểu th&ocirc;ng thường, hoặc cố gắng để hiểu nh&agrave; thơ đang n&oacute;i điều g&igrave;. Bởi nhiều khi, để hiểu nh&agrave; thơ đang diễn đạt điều g&igrave;, đ&oacute; l&agrave; điều bất khả, v&igrave; ngay ch&iacute;nh nh&agrave; thơ trong nguồn cảm hứng bất chợt cũng kh&oacute; l&ograve;ng r&agrave;nh r&otilde;, cắt nghĩa được to&agrave;n vẹn &yacute; thơ của m&igrave;nh. Thơ nhiều khi để cảm nhiều hơn l&agrave; để hiểu. Tất nhi&ecirc;n, kh&ocirc;ng phải với thơ n&agrave;o cũng vậy. Ở Trần Tịnh Y&ecirc;n, đ&oacute; l&agrave; điều m&agrave; người đọc n&ecirc;n l&agrave;m. &ldquo;Những con chim ng&oacute;i đ&atilde; sang s&ocirc;ng/ giữa l&aacute;t cắt của b&oacute;ng ng&agrave;y/ c&oacute; giọt nước đang nằm nghi&ecirc;ng/ Sau những giọt đ&egrave;n/ mưa lau cổng ch&ugrave;a/ trăng đ&atilde; đổ đầy b&igrave;nh b&aacute;t&rdquo;.</p>\r\n<p>Trong sự suy tư về thơ, c&oacute; lẽ Trần Tịnh Y&ecirc;n đ&atilde; chọn theo sự vẫy gọi kh&ocirc;ng ngừng của ảnh h&igrave;nh, những tiếng n&oacute;i hiện l&ecirc;n/ vọng ra từ v&ocirc; thức. Vậy n&ecirc;n,&nbsp;<em>Lặng y&ecirc;n nghe sen</em>&nbsp;<em>t&agrave;n&nbsp;</em>l&agrave; tr&ugrave;ng điệp những c&acirc;u thơ như được &ldquo;chớp lấy&rdquo; từ xa xăm, mơ hồ nhưng cũng s&acirc;u đậm, &aacute;m gợi: &ldquo;D&aacute;ng ai ngồi h&aacute;t trong tranh/ buồn như ng&oacute;i cũ; v&agrave; chu&ocirc;ng nh&agrave; thờ cũng muốn đi xa/ ng&agrave;y em lớn dần l&ecirc;n trong th&aacute;nh lễ; c&oacute; tiếng chu&ocirc;ng vỡ tr&ecirc;n mặt đường/ một ng&agrave;y thơm như chiếc l&aacute; đang chờ hiến tế/ trong giấc mơ của t&ocirc;i mọc đầy đ&aacute;m ch&aacute;y...&rdquo;. Những c&acirc;u thơ sẽ l&agrave;m n&ecirc;n đường bay cho người viết, trong sự tinh lặng của&nbsp;<em>Lặng y&ecirc;n nghe sen t&agrave;n</em>, t&ocirc;i tin Trần Tịnh Y&ecirc;n đ&atilde; kiến tạo n&ecirc;n một đường bay ri&ecirc;ng kh&aacute;c cho ch&iacute;nh m&igrave;nh.</p>\r\n</div>\r\n</div>\r\n</div>\r\n</header></header>\r\n<section></section>\r\n</header>', 'cat02', 'https://photo-1-baomoi.zadn.vn/w300_r3x2/2020_07_03_8_35572792/98af4d6ef82d1173483c.jpg', NULL, NULL, NULL, NULL, 2, 1),
('000023', 'Lãnh đạo Việt Nam gửi điện mừng Quốc khánh Mỹ', '\r\n<header><header><header><header>\r\n<h1>L&atilde;nh đạo Việt Nam gửi điện mừng Quốc kh&aacute;nh Mỹ</h1>\r\n<div>&nbsp;</div>\r\n<div>\r\n<div>\r\n<div>(PLVN) -&nbsp;Theo Bộ Ngoại giao, nh&acirc;n dịp kỷ niệm lần thứ 244 Quốc kh&aacute;nh Mỹ (4/7/1776 &ndash; 4/7/2020), ng&agrave;y 3/7/2020, Tổng B&iacute; thư, Chủ tịch nước Nguyễn Ph&uacute; Trọng v&agrave; Thủ tướng Ch&iacute;nh phủ Nguyễn Xu&acirc;n Ph&uacute;c đ&atilde; gửi điện mừng tới Tổng thống Mỹ Donald Trump.</div>\r\n</div>\r\n<p>&nbsp;</p>\r\n</div>\r\n</header>\r\n<div>\r\n<div>\r\n<div>\r\n<div><img style=\"height: 259px; display: block; margin-left: auto; margin-right: auto;\" src=\"https://image.baophapluat.vn/w800/Uploaded/2020/qjcqrmdwp/2020_07_03/1_gaoy_thumb.jpg\" alt=\"L&atilde;nh đạo Việt Nam gửi điện mừng Quốc kh&aacute;nh Mỹ\" width=\"457\" />\r\n<div data-href=\"https://baophapluat.vn/utilities/imageshare.aspx?url=https%3A%2F%2Fimage.baophapluat.vn%2Fw800%2FUploaded%2F2020%2Fqjcqrmdwp%2F2020_07_03%2F1_gaoy_thumb.jpg&amp;origin=https://baophapluat.vn/quoc-te/lanh-dao-viet-nam-gui-dien-mung-quoc-khanh-my-527428.html\">&nbsp;</div>\r\n</div>\r\nTổng B&iacute; thư, Chủ tịch nước Nguyễn Ph&uacute; Trọng tiếp Tổng thống Mỹ Donald Trump nh&acirc;n dịp sang Việt Nam dự Hội nghị Thượng đỉnh Mỹ - Triều lần hai, ng&agrave;y 27/2/2019. Ảnh: TTXVN</div>\r\n<div id=\"ctl00_mainContent_abody\">\r\n<p>Nh&acirc;n dịp n&agrave;y, Chủ tịch Quốc hội Nguyễn Thị Kim Ng&acirc;n đ&atilde; gửi điện mừng tới Chủ tịch Thượng viện Mỹ Michael Pence v&agrave; Chủ tịch Hạ viện Mỹ Nancy Pelosi.</p>\r\n<p>C&ugrave;ng ng&agrave;y, Ph&oacute; Thủ tướng, Bộ trưởng Ngoại giao Phạm B&igrave;nh Minh đ&atilde; gửi điện mừng tới Ngoại trưởng Mỹ Michael Pompeo.</p>\r\n<p><strong>Trước đ&oacute;</strong>, tại họp b&aacute;o thường kỳ của Bộ Ngoại giao chiều 2/7, trả lời c&acirc;u hỏi về c&aacute;c hoạt động kỷ niệm 25 năm thiết lập quan hệ ngoại giao Việt Nam &ndash; Mỹ v&agrave; khả năng 2 nước n&acirc;ng cấp quan hệ l&ecirc;n Đối t&aacute;c Chiến lược, Người Ph&aacute;t ng&ocirc;n Bộ Ngoại giao L&ecirc; Thị Thu Hằng cho biết, sau 25 năm thiết lập quan hệ ngoại giao, 6 năm thiết lập v&agrave; triển khai quan hệ Đối t&aacute;c To&agrave;n diện, quan hệ Việt Nam &ndash; Mỹ chứng kiến những bước ph&aacute;t triển t&iacute;ch cực, thực chất tr&ecirc;n tất cả c&aacute;c lĩnh vực v&agrave; tr&ecirc;n cả b&igrave;nh diện song phương v&agrave; đa phương tr&ecirc;n cơ sở nguy&ecirc;n tắc t&ocirc;n trọng độc lập, chủ quyền, to&agrave;n vẹn l&atilde;nh thổ v&agrave; thể chế ch&iacute;nh trị của nhau.&nbsp;</p>\r\n<div id=\"netlink\">\r\n<div id=\"netlink-content-ad\">\r\n<div id=\"netlink-ad\"></div>\r\n</div>\r\n</div>\r\n<div id=\"ads\" data-position=\"PC_ArticleInBody\"></div>\r\n<p>Hai b&ecirc;n duy tr&igrave; thường xuy&ecirc;n c&aacute;c cuộc tiếp x&uacute;c song phương v&agrave; trao đổi đo&agrave;n c&aacute;c cấp, duy tr&igrave; c&aacute;c cơ chế đối thoại, tăng cường th&uacute;c đẩy quan hệ tr&ecirc;n c&aacute;c lĩnh vực kinh tế - thương mại, khắc phục hậu quả chiến tranh, an ninh - quốc ph&ograve;ng, khoa học &ndash; c&ocirc;ng nghệ, gi&aacute;o dục &ndash; đ&agrave;o tạo, hợp t&aacute;c tr&ecirc;n c&aacute;c vấn đề khu vực v&agrave; quốc tế.&nbsp;</p>\r\n<p>Thời gian tới, hai b&ecirc;n sẽ tiếp tục hợp t&aacute;c nhằm l&agrave;m s&acirc;u sắc hơn nữa quan hệ Việt Nam &ndash; Mỹ, g&oacute;p phần duy tr&igrave; h&ograve;a b&igrave;nh, ổn định, hợp t&aacute;c v&agrave; ph&aacute;t triển của khu vực v&agrave; tr&ecirc;n thế giới.</p>\r\n<p>Theo Người ph&aacute;t ng&ocirc;n, nh&acirc;n dịp kỷ niệm 25 năm thiết lập quan hệ ngoại giao, Việt Nam v&agrave; Mỹ dự kiến tổ chức nhiều hoạt động tại hai nước trong năm 2020, trong đ&oacute; c&oacute; trao đổi đo&agrave;n c&aacute;c cấp, c&ugrave;ng c&aacute;c hoạt động kh&aacute;c như c&aacute;c hội thảo &ndash; tọa đ&agrave;m về quan hệ song phương, kinh tế v&agrave; thương mại; c&aacute;c cuộc gặp gỡ, tiếp x&uacute;c với cộng đồng người Việt tại Mỹ; trao đổi đo&agrave;n giữa c&aacute;c địa phương Việt Nam v&agrave; Mỹ; c&aacute;c hoạt động giao lưu văn h&oacute;a &ndash; nghệ thuật&hellip;&nbsp;</p>\r\n</div>\r\n</div>\r\n</div>\r\n</header></header>\r\n<section></section>\r\n</header>', 'cat03', 'https://photo-1-baomoi.zadn.vn/w300_r3x2/2020_07_03_207_35575159/c41997a722e4cbba92f5.jpg', NULL, NULL, NULL, NULL, 5, 1),
('000024', 'Tạo đột phá từ công tác cán bộ', '\r\n<header><header><header><header>\r\n<h1 style=\"list-style-type: none;\">Tạo đột ph&aacute; từ c&ocirc;ng t&aacute;c c&aacute;n bộ</h1>\r\n<div>\r\n<div id=\"content\">\r\n<p style=\"list-style-type: none;\"><strong>Ch&uacute; trọng v&agrave; coi c&ocirc;ng t&aacute;c c&aacute;n bộ l&agrave; kh&acirc;u đột ph&aacute;, c&oacute; c&aacute;c giải ph&aacute;p ph&aacute;t triển bền vững ng&agrave;nh du lịch - một trong những mũi nhọn kinh tế của tỉnh l&agrave; đề xuất của nh&acirc;n sĩ, tr&iacute; thức, đ&oacute;ng g&oacute;p &yacute; kiến Dự thảo Văn kiện tr&igrave;nh Đại hội Đảng bộ tỉnh lần thứ VII, nhiệm kỳ 2020-2025. Hội nghị do Ban D&acirc;n vận Tỉnh ủy tổ chức cuối th&aacute;ng 6 vừa qua.</strong></p>\r\n<table style=\"width: 543px; height: 400px;\" width=\"600\" align=\"center\">\r\n<tbody>\r\n<tr>\r\n<td style=\"text-align: center; width: 600px;\"><img style=\"height: 267px; width: 403px;\" src=\"http://www.baobariavungtau.com.vn/dataimages/202007/original/images1623160_Du_kh_ch_t_m_bi_n__vui_ch_i_t_i_B_i_Sau__TP._V_ng_T_u__1_.JPG\" alt=\"Du lịch BR-VT cần tạo đột ph&aacute; sản phẩm du lịch đặc th&ugrave; trong nhiệm kỳ 2020-2025. Trong ảnh: Du kh&aacute;ch tắm biển, vui chơi tại B&atilde;i Sau, TP. Vũng T&agrave;u. Ảnh: ĐỨC NGUY&Ecirc;N\" /></td>\r\n</tr>\r\n<tr>\r\n<td style=\"text-align: center; width: 600px;\">Du lịch BR-VT cần tạo đột ph&aacute; sản phẩm du lịch đặc th&ugrave; trong nhiệm kỳ 2020-2025. Trong ảnh: Du kh&aacute;ch tắm biển, vui chơi tại B&atilde;i Sau, TP. Vũng T&agrave;u. Ảnh: ĐỨC NGUY&Ecirc;N</td>\r\n</tr>\r\n</tbody>\r\n</table>\r\n<p style=\"list-style-type: none;\"><strong>X&Acirc;Y DỰNG ĐỘI NGŨ C&Aacute;N BỘ ĐỦ PHẨM CHẤT, NĂNG LỰC</strong></p>\r\n<p style=\"list-style-type: none;\">&Ocirc;ng Nguyễn Xu&acirc;n Sơn, Chủ tịch Hội CCB TP. Vũng T&agrave;u cho rằng, chủ đề của Đại hội Đảng bộ tỉnh lần thứ VII l&agrave; &ldquo;Tăng cường x&acirc;y dựng, chỉnh đốn Đảng v&agrave; hệ thống ch&iacute;nh trị trong sạch vững mạnh; bảo đảm quốc ph&ograve;ng, an ninh vững chắc; n&acirc;ng cao chất lượng cuộc sống v&agrave; niềm tin của nh&acirc;n d&acirc;n; tiếp tục x&acirc;y dựng BR-VT th&agrave;nh tỉnh mạnh về c&ocirc;ng nghiệp, cảng biển, du lịch v&agrave; n&ocirc;ng nghiệp ứng dụng c&ocirc;ng nghệ cao&rdquo;. Để đạt mục ti&ecirc;u n&agrave;y, kh&acirc;u đột ph&aacute; cần bổ sung nội dung x&acirc;y dựng đội ngũ c&aacute;n bộ. V&igrave; bản chất của x&acirc;y dựng, chỉnh đốn Đảng l&agrave; x&acirc;y dựng đội ngũ c&aacute;n bộ c&aacute;c cấp đủ phẩm chất, năng lực v&agrave; uy t&iacute;n, ngang tầm nhiệm vụ.</p>\r\n<p style=\"list-style-type: none;\">X&aacute;c định r&otilde; tầm quan trọng của việc x&acirc;y dựng đội ngũ c&aacute;n bộ c&aacute;c cấp c&oacute; đủ tr&igrave;nh độ, năng lực v&agrave; phẩm chất đ&aacute;p ứng y&ecirc;u cầu mới, &ocirc;ng Nguyễn Quang Phi, Tổng Thư k&yacute; Hội Khoa học Lịch sử tỉnh đề xuất, trong mục ti&ecirc;u của nhiệm kỳ mới về c&ocirc;ng t&aacute;c c&aacute;n bộ, cần bổ sung th&ecirc;m kh&acirc;u đột ph&aacute; tập trung x&acirc;y dựng đội ngũ c&aacute;n bộ đủ năng lực l&agrave;m c&ocirc;ng bộc của nh&acirc;n d&acirc;n. &ldquo;C&aacute;n bộ n&agrave;o, phong tr&agrave;o đ&oacute;&rdquo;, l&agrave; nguy&ecirc;n nh&acirc;n của mọi nguy&ecirc;n nh&acirc;n v&agrave; l&agrave; &ldquo;c&aacute;i gốc của mọi c&ocirc;ng việc&rdquo;. &ldquo;Th&agrave;nh quả về ch&iacute;nh trị, kinh tế, văn h&oacute;a, x&atilde; hội, an ninh, quốc ph&ograve;ng, đối ngoại trong nhiệm kỳ qua l&agrave; c&ocirc;ng sức của to&agrave;n Đảng bộ, to&agrave;n d&acirc;n v&agrave; to&agrave;n qu&acirc;n, trong đ&oacute; kh&ocirc;ng thể phủ nhận c&oacute; sự đ&oacute;ng g&oacute;p v&ocirc; c&ugrave;ng to lớn của đội ngũ c&aacute;n bộ l&atilde;nh đạo, quản l&yacute; trong to&agrave;n tỉnh. C&ocirc;ng t&aacute;c c&aacute;n bộ v&agrave; đội ngũ c&aacute;n bộ đ&atilde; v&agrave; đang đặt ra nhiều vấn đề chưa đ&aacute;p ứng được y&ecirc;u cầu của sự nghiệp đổi mới trong tỉnh như Dự thảo B&aacute;o c&aacute;o đ&atilde; đề cập&rdquo;, &ocirc;ng Nguyễn Quang Phi n&oacute;i.</p>\r\n<p style=\"list-style-type: none;\">Trong khi đ&oacute;, &ocirc;ng Trương Th&agrave;nh C&ocirc;ng, Chủ tịch Li&ecirc;n hiệp c&aacute;c Hội Khoa học kỹ thuật tỉnh đề nghị Dự thảo cần đ&aacute;nh gi&aacute; bổ sung th&ecirc;m về việc đội ngũ tri thức đ&atilde; c&oacute; những đ&oacute;ng g&oacute;p quan trọng v&agrave;o sự nghiệp ph&aacute;t triển của tỉnh. Phần nhiệm vụ v&agrave; giải ph&aacute;p thời gian tới ch&uacute; trọng đ&agrave;o tạo, thu h&uacute;t nguồn nh&acirc;n lực chất lượng cao v&agrave; chuy&ecirc;n gia khoa học nước ngo&agrave;i bằng c&aacute;ch x&acirc;y dựng cơ chế đặt h&agrave;ng cho đội ngũ n&agrave;y.</p>\r\n<p style=\"list-style-type: none;\"><strong>CẦN C&Oacute; SẢN PHẨM DU LỊCH ĐẶC TH&Ugrave;&nbsp;</strong></p>\r\n<p style=\"list-style-type: none;\">Một trong những vấn đề được c&aacute;c nh&acirc;n sĩ, tr&iacute; thức quan t&acirc;m tại hội nghị l&agrave; l&agrave;m thế n&agrave;o để khai th&aacute;c thế mạnh du lịch trong ph&aacute;t triển kinh tế của tỉnh. PGS.TS Ho&agrave;ng Văn Qu&yacute;, Ph&oacute; Chủ tịch thường trực Li&ecirc;n hiệp c&aacute;c Hội Khoa học v&agrave; Kỹ thuật tỉnh cho rằng, trong khi c&aacute;c địa phương kh&aacute;c đ&atilde; ph&aacute;t triển kh&aacute; mạnh với nhiều loại h&igrave;nh du lịch mới, hấp dẫn du kh&aacute;ch th&igrave; BR-VT vẫn đang &ldquo;loay hoay&rdquo; với loại h&igrave;nh du lịch nội địa, b&igrave;nh d&acirc;n. Cuối tuần đ&ocirc;ng kh&aacute;ch nhưng m&ugrave;a thấp điểm v&agrave; ng&agrave;y thường lại vắng kh&aacute;ch. Theo &ocirc;ng Qu&yacute;, nhiều du kh&aacute;ch đến BR-VT c&oacute; chung nhận x&eacute;t rằng c&aacute;c tuyến điểm tham quan của BR-VT nhỏ lẻ, rời rạc, chỉ ph&ugrave; hợp đi về trong ng&agrave;y, kh&ocirc;ng đủ sức hấp dẫn để giữ ch&acirc;n kh&aacute;ch lưu lại d&agrave;i ng&agrave;y tại địa phương. V&igrave; vậy ng&agrave;nh du lịch cần ph&aacute;t triển c&aacute;c sản phẩm đặc trưng phục vụ kh&aacute;ch du lịch t&agrave;u biển, một số tour tuyến chủ đạo phục vụ kh&aacute;ch du lịch, tr&ugrave;ng tu n&acirc;ng cấp, đa dạng h&oacute;a c&aacute;c sản phẩm du lịch, đặc biệt l&agrave; c&aacute;c sản phẩm l&agrave;ng nghề, trung t&acirc;m thương mại, c&aacute;c điểm mua sắm đ&aacute;p ứng nhu cầu của du kh&aacute;ch.</p>\r\n<p style=\"list-style-type: none;\">C&ugrave;ng quan điểm, &ocirc;ng Phạm H&ograve;a, Ph&oacute; Trưởng Ban D&acirc;n vận Tỉnh ủy nh&igrave;n nhận, du lịch của tỉnh ph&aacute;t triển chưa xứng tầm. Sản phẩm du lịch của tỉnh hiện chỉ dừng lại ở việc đưa du kh&aacute;ch đi tắm biển, thưởng thức đặc sản biển. Những tour độc đ&aacute;o, hấp dẫn du kh&aacute;ch c&ograve;n hạn chế. V&igrave; vậy, đa số du kh&aacute;ch tới Vũng T&agrave;u thường đi về trong ng&agrave;y hoặc chỉ lưu tr&uacute; 1 đ&ecirc;m. &ldquo;Việc tạo ra sản phẩm đặc trưng ri&ecirc;ng của địa phương mang t&iacute;nh cấp thiết để c&oacute; bước đột ph&aacute; trong ph&aacute;t triển du lịch tại tỉnh&rdquo;, &ocirc;ng Phạm H&ograve;a đề xuất.</p>\r\n<p style=\"list-style-type: none;\">Cho rằng BR-VT đang l&atilde;ng ph&iacute; t&agrave;i nguy&ecirc;n nh&acirc;n văn phục vụ du lịch, cụ thể l&agrave; hệ thống di t&iacute;ch, b&agrave; L&ecirc; Thị Thanh B&igrave;nh, Trưởng Ban D&acirc;n vận Th&agrave;nh ủy Vũng T&agrave;u khẳng định, di t&iacute;ch kh&ocirc;ng chỉ c&oacute; gi&aacute; trị văn h&oacute;a m&agrave; c&ograve;n l&agrave; điểm thu h&uacute;t du kh&aacute;ch. Tuy nhi&ecirc;n việc quản l&yacute;, sử dụng, t&ocirc;n tạo, bảo tồn di t&iacute;ch c&ograve;n nhiều bất cập. Đơn cử, TP.Vũng T&agrave;u c&oacute; 18 di t&iacute;ch, trong đ&oacute; c&oacute; 2 di t&iacute;ch Trận địa ph&aacute;o cổ Cầu Đ&aacute; v&agrave; Ăngten Parabol - N&uacute;i Lớn đ&atilde; bị x&acirc;m hại, kh&oacute; c&oacute; khả năng tr&ugrave;ng tu v&agrave; phục hồi. &ldquo;Để khai th&aacute;c, sử dụng v&agrave; ph&aacute;t huy gi&aacute; trị di t&iacute;ch, tỉnh cần x&acirc;y dựng chiến lược sản phẩm du lịch ph&ugrave; hợp với tiềm năng của địa phương, ban h&agrave;nh c&aacute;c quy chế quản l&yacute; di t&iacute;ch, mở c&aacute;c tour tham quan du lịch c&aacute;c địa phương trong tỉnh&rdquo;, b&agrave; L&ecirc; Thị Thanh B&igrave;nh đề xuất.</p>\r\n</div>\r\n</div>\r\n</header></header></header>\r\n<section></section>\r\n</header>', 'cat03', 'https://photo-1-baomoi.zadn.vn/w300_r3x2/2020_07_03_407_35575069/49c4c479713a9864c12b.jpg', NULL, NULL, NULL, NULL, NULL, 1);

-- --------------------------------------------------------

--
-- Table structure for table `tags`
--

CREATE TABLE `tags` (
  `tagID` char(20) COLLATE utf8_unicode_ci NOT NULL,
  `postID` char(6) COLLATE utf8_unicode_ci DEFAULT NULL
) ENGINE=InnoDB DEFAULT CHARSET=utf8 COLLATE=utf8_unicode_ci;

--
-- Indexes for dumped tables
--

--
-- Indexes for table `account`
--
ALTER TABLE `account`
  ADD PRIMARY KEY (`accID`);

--
-- Indexes for table `categories`
--
ALTER TABLE `categories`
  ADD PRIMARY KEY (`catID`);

--
-- Indexes for table `comments`
--
ALTER TABLE `comments`
  ADD PRIMARY KEY (`postID`,`accID`,`STT`);

--
-- Indexes for table `detail_categories`
--
ALTER TABLE `detail_categories`
  ADD PRIMARY KEY (`catID`,`catName`);

--
-- Indexes for table `posts`
--
ALTER TABLE `posts`
  ADD PRIMARY KEY (`postsID`);

--
-- Indexes for table `tags`
--
ALTER TABLE `tags`
  ADD PRIMARY KEY (`tagID`);
COMMIT;

/*!40101 SET CHARACTER_SET_CLIENT=@OLD_CHARACTER_SET_CLIENT */;
/*!40101 SET CHARACTER_SET_RESULTS=@OLD_CHARACTER_SET_RESULTS */;
/*!40101 SET COLLATION_CONNECTION=@OLD_COLLATION_CONNECTION */;
